Site,Group Id,Mch Code,Description,Criticality,Purch Date,Purch Price,Warr Exp,Cost Last Year,Cost This Year,Cost Total
AEAD,,004-0543-00,MAINTENANCE STORE-02,2,,,,0,0,1219
AEAD,,004-0423-01,AIR HANDLING UNIT FILLING,2,,,,1536,0,2392
AEAD,,003-0415-00,DIESEL FORKLIFT 66752,2,,,,5425,0,33343
AEAD,,004-0027-00,CHILLER TINTING- 1 ROOFTOP,2,,,,0,0,8700
AEAD,,004-0211-00,"AGITATOR , CONSTANT SPEED",2,,,,0,0,1254
AEAD,,004-0220-00,"AGITATOR , VARIABLE SPEED",1,,,,5193,0,6250
AEAD,,004-0444-00,THINNER FILLING M/C,1,,,,23379,0,38749
AEAD,,004-0451-00,INDUSTRIAL TRUCK - EX-PROOF  TROLLEY 331116,2,,,,0,0,13055
AEAD,,004-0017-00,ELECTRICAL PANEL INSPECTION-6MONTHS,2,,,,126,0,1061
AEAD,,008-0401-00,EMOK MACHINE,2,,,,160,0,4600
AEAD,,004-0223-00,"AGITATOR , VARIABLE  SPEED",2,,,,382,0,5277
AEAD,,004-0247-00,AGITATOR [NEW],2,,,,289,0,1046
AEAD,,004-0228-00,PORTABLE MIXER,2,,,,8350,0,10873
AEAD,,008-0007-00,AIR CONDITION EQUIPMENT PLANT MANGER ROOM,2,,,,0,0,699
AEAD,,003-0100-00,WRAPPING MACHINE OPEN SHED AREA,2,,,,9752,0,14346
AEAD,,004-0200-02,"DISSOLVER TANK , SS 2000LTR",1,,,,10418,0,22584
AEAD,,014-0000-00,SOLVENT TANK FARM [LOCATION],3,,,,408,0,9363
AEAD,,010-0427-00,"PORTABLE POT,SS,600LTR",2,,,,0,0,1158
AEAD,,010-0422-00,"PORTABLE POT,SS,400LTR",2,,,,54,0,144
AEAD,,004-0025-00,CHILLER PRODUCTION- 1 ROOFTOP,2,,,,23116,0,31677
AEAD,,008-0017-00,AIR CONDITION EQUIPMENT QC LAB,2,,,,58,0,73
AEAD,,002-0042-00,AC Inspection in Admin Area,2,,,,0,0,113
AEAD,,029-0001-00,HOPPER FOR SILICA CHARGING,2,,,,0,0,3454
AEAD,,008-0009-00,AIR CONDITION EQUIPMENT PURCHASE CABIN,2,,,,0,0,219
AEAD,,004-0177-15,"DIAPHRAGM  PUMP 1""DIA AIR OPERATED",2,,,,0,0,58
AEAD,,002-0005-00,AIR CONDITION EQUIPMENT IN SPECIFICATION MANAGER CABIN,2,,,,0,0,2447
AEAD,,005-0106-00,"WATER TANK (DOMESTIC), 40000Liters",2,,,,10279,0,13487
AEAD,,000-0010-00,ELECTRICAL L.V ROOM,2,,,,0,0,1400
AEAD,,004-0239-01,B- PART SS TANK (3000 LITTER),2,,,,0,0,97
AEAD,,004-0213-01,"STORAGE  TANK , SS 3000LTR",2,,,,97,0,424
AEAD,,028-0101-00,AIR CONDITION EQUIPMENT PEROXIDE A/C STORE 1,2,,,,51,0,51
AEAD,,017-0105-00,Water Pump,2,,,,166,0,166
AEAE,MCD,AEAEMC0092,Magic Paints Painting Trading,,,,,0,0,
AEAD,,014-0103-02,LEVEL SWITCH,0,,,,0,0,
AEAD,,004-0586-00,"DIAPHRAGM PUMP 2"" S no. 0031066486",1,,,,0,0,
AEAD,,011-INV,INVESTMENTS,3,,,,0,0,
AEAE,MCD,AEAEMC0098,WALL GREEN BUILDING MATERIALS L.L.C.,,,,,0,0,
AEAD,,004-0141-00,ROLLER CAPPING M/C,2,,,,0,0,
AEAD,,024-INV,INVESTMENTS,3,,,,0,0,
AEAE,MCD,AEAEMC0086,PINK DOTS PAINTS TRADING,,,,,0,0,
AEAE,MCD,AEAEMC0018,LAMES FURNISHINGS,,,,,0,0,
AEAD,,004-0218-04,"BALL VALVES 3""DIA  ACTUATOR VALVE AIR OPERATED",2,,,,0,0,
AEAD,,034-0002-02,WASHING MACHINE - Room 104,2,,,,0,0,
AEAD,,008-OP EQ,OPERATIONAL EQUIPMENTS,3,,,,0,0,
AEAD,,033-BLD,FIRST AID ROOM,3,,,,0,0,
AEAD,,017-0101-00,WATER TANK  2000GLN,2,,,,0,0,
AEAD,,034-0309-06,INDUCTION SET - Room 504,2,,,,0,0,
AEAD,,004-0246-06,"BALL VALVES 3""DIA  ACTUATOR VALVE AIR OPERATED",2,,,,0,0,
AEAD,,004-0551-00,SCRUBBER,2,,,,0,0,
AEAD,,004-0215-09,"BALL VALVES 3""DIA  MANUAL",2,,,,0,0,
AEAD,,004-0205-01,"BASE  TANK , SS , 5000 LTR",2,,,,0,0,
AEAD,,002-0023-00,AIR CONDITION EQUIPMENT CONFERENCE ROOM,2,,,,0,0,
AEAD,,004-0246-07,"BALL VALVES 3""DIA  ACTUATOR VALVE AIR OPERATED",2,,,,0,0,
AEAD,,002-0046-00,WATER TANK 1000L IN ADMIN,2,,,,0,0,
AEAD,,000-HSE,HSE,3,,,,0,0,
AEAD,,033-0001-00,AIR CONDITION EQUIPMENT FIRST AID ROOM,2,,,,0,0,
AEAD,,004-0241-08,"BALL VALVES 3""DIA  ACTUATOR VALVE AIR OPERATED",2,,,,0,0,
AEAE,MCD,AEAEMC0025,HAMAD BIN SALEM AL AZZANI - (Hilli Sanaiya),,,,,0,0,
AEAD,,004-0200-10,"BALL VALVES 3""DIA  ACTUATOR VALVE AIR OPERATED",2,,,,0,0,
AEAD,,004-0469-03,BALL VALVE SPRING RETURN [HOT WATER CIRCULATION],2,,,,0,0,
AEAD,,004-0510-00,ROOF FAN For Zink Silicate,0,,,,0,0,
AEAD,,034-0347-07,INDUCTION SET - Room 604,2,,,,0,0,
AEAD,,011-0003-00,AIR CURTAIN UNIT 1200 MM CANTEEN,2,,,,0,0,
AEAD,,004-0239-04,"BALL VALVES 3""DIA  ACTUATOR VALVE AIR OPERATED",2,,,,0,0,
AEAD,,034-0001-03,INDUCTION SET - Room 333,2,,,,0,0,
AEAE,,MC-900,MC SCRAPPED EQUIP - ABU DHABI,,,,,0,0,
AEAD,,004-0461-08,CHARGING CHUTE FOR ZINC SILICATE,2,,,,0,0,
AEAD,,004-0133-00,FILLING STAND,2,,,,0,0,
AEAD,,004-0315-00,OVERHEAD BEAM[NEAR 241-DISSOLVER],2,,,,0,0,
AEAE,MCC,AEAEMC0003,RAJAB TRADING -MUSSAFAH 09,,,,,0,0,
AEAD,,004-0468-05,"DAVEY DYNAFLO CIRCULATION PUMP 2""DIA",2,,,,0,0,
AEAD,,001-0003-00,AIR CONDITIONING UNITS IN CMP ROOM,2,,,,0,0,
AEAD,,008-0021-04,VRF IDU 4 - AIR CODITIONI EQUIPMENT MEZZANINE FLOOR,2,,,,0,0,
AEAD,,004-0322-00,HOIST BEAM 2.5 TON HEA 200*200*12,2,,,,0,0,
AEAD,,004-0214-08,"BALL VALVES 3""DIA  ACTUATOR VALVE AIR OPERATED",2,,,,0,0,
AEAD,,004-0468-04,BALL VALVE SPRING RETURN [COLD WATER CIRCULATION],2,,,,0,0,
AEAD,,014-0103-03,"ACTUATOR VALVE 3"" DIA BALL VALVE AIR OPERATED",2,,,,0,0,
AEAD,,004-0177-10,"DIAPHRAGM  PUMP 1""DIA AIR OPERATED",2,,,,0,0,
AEAD,,001-UTL,UTILITIES,3,,,,0,0,
AEAE,MCC,AEAEMC0081,COLOR MIRAGE PAINTING,,,,,0,0,
AEAD,,000-0025-00,GATE -02 BARRIER,2,,,,0,0,
AEAD,,034-0347-06,INDUCTION SET - Room 604,2,,,,0,0,
AEAD,,025-PROJ-00,PROJECTS GENERAL SITE,3,,,,0,0,
AEAD,,005-0112-00,WATER TANK CLEANING,2,,,,0,0,
AEAD,,034-0333-03,GRINDING MACHINE - Room 602,2,,,,0,0,
AEAD,,007-BLD SER,BUILDING AND SERVICES,3,,,,0,0,
AEAD,,004-0105-06,"ACTIVATOR BALL VALVE 2"" DIA AIR OPERATED",2,,,,0,0,
AEAD,,033-BLD SER,BUILDING AND SERVICES,3,,,,0,0,
AEAD,,004-0223-05,"BALL VALVES 3""DIA  MANUAL",2,,,,0,0,
AEAD,,034-0330-06,INDUCTION SET - Room 603,2,,,,0,0,
AEAE,MCC,AEAEMC0026,ASIA EXHIBITION MULTIPLE COLORS - DECO,,,,,0,0,
AEAD,,009-0418-00,1 TON SS CONTAINER,2,,,,0,0,
AEAD,,012-BLD SER,BUILDING AND SERVICES,3,,,,0,0,
AEAE,MCD,AEAEMC0097,SKY LIGHT BUILDING MATERIALS,,,,,0,0,
AEAD,,004-0238-05,"BALL VALVES 3""DIA  ACTUATOR VALVE AIR OPERATED",2,,,,0,0,
AEAD,,004-0107-00,PARKER FILTER,2,,,,145,0,875
AEAD,,004-0219-00,"AGITATOR , VARIABLE SPEED",2,,,,44,0,750
AEAD,,004-0177-00,ADDTIVE STATION REXSON COLOUR WEIGH,2,,,,1021,0,48172
AEAD,,030-0000-00,NEW  GUARD  ROOM,3,,,,0,0,4038
AEAD,,004-0429-00,20LTR PRESSING UNIT,2,,,,160,0,635
AEAD,,019-0104-00,SMDB-04,1,,,,73,0,560
AEAD,,004-0420-00,AIR HOIST 2TON near Dissolver 200,2,,,,248,0,1244
AEAD,,004-0309-00,"FIRE DOOR[SLIDING], PRODUCTION, ELECTRIC",0,,,,29,0,3960
AEAD,,004-0468-00,"CHILLER, REACTOR",1,,,,0,0,141
AEAD,,007-0100-00,FIRE WATER SPRINKLER TANK,0,,,,14760,0,134503
AEAD,,004-0196-00,FIRE DOOR [SLIDING] FILLING ROOM,0,,,,126,0,17213
AEAD,,008-0409-00,DALMEC MANIPULATOR,2,,,,4092,0,4595
AEAD,,003-0421-00,ELECTRICAL REACH TRUCK 0863 cap 1400 kg,2,,,,5345,0,7831
AEAD,,022-0015-00,AC Inspection in HR Department,2,,,,0,0,58
AEAD,,004-0556-00,AIR HOIST 2TON near Dissolver 461,2,,,,0,0,686
AEAD,,004-0496-00,DIAPHRAGM PUMP (245 TANK DOWN SIDE ),2,,,,0,0,215
AEAD,,010-0402-00,"PORTABLE POT,SS,400LTR",2,,,,0,0,29
AEAD,,004-0461-01,"TANK, ZINC SILICATE DISSOLVER 6000L",1,,,,0,0,750
AEAD,,008-0006-00,AIR CONDITION EQUIPMENT OPERATION MEETING ROOM,2,,,,0,0,74
AEAD,,000-0002-01,FIRE ALARM SYSTEM - Fire Alarm Panel,0,,,,0,0,0
AEAD,,022-0013-00,AIR CONDITION EQUIPMENT SR HR EXECUTIVE,2,,,,375,0,375
AEAD,,003-0005-00,AIR CONDITION EQUIPMENT IN CSD,2,,,,0,0,0
AEAD,,004-0190-00,FIRE WALLS,0,,,,1200,0,1200
AEAD,,000-0015-01,ELECTRICAL FUEL/DIESEL PUMP,2,,,,1620,0,1620
AEAD,,009-0019-00,AIR CONDITION EQUIPMENT AC STORE 3,2,,,,0,0,0
AEAD,,003-0110-00,ALL MANUAL FIRE DOORS IN FGWH,0,,,,29,0,29
AEAD,,002-PROJ-00,PROJECTS GENERAL SITE,3,,,,625,0,625
AEAD,,004-0110-00,PUMP[GEAR],2,,,,0,0,
AEAD,,022-BLD SER,BUILDING AND SERVICES,3,,,,0,0,
AEAD,,004-HSE,HSE,3,,,,0,0,
AEAD,,004-0200-19,"BALL VALVES 3""DIA  ACTUATOR VALVE AIR OPERATED",2,,,,0,0,
AEAD,,009-0415-00,1 TON SS CONTAINER,2,,,,0,0,
AEAD,,015-0103-03,LEVEL TRANSMITTER [ LIQUIPHANT ] - 11205 TANK,0,,,,0,0,
AEAD,,014-0105-00,EMERGENCY SHOWER WITH EYE WASH TANKER OFFLOADING,0,,,,0,0,
AEAD,,018-PROJ-00,PROJECTS GENERAL SITE,3,,,,0,0,
AEAD,,009-BLD,WARE HOUSE 2 [LOCATION],3,,,,0,0,
AEAD,,015-0103-01,"BUTTERFLY  VALVE  NEAR  5304  TANK,3''",2,,,,0,0,
AEAD,,004-0238-04,"BALL VALVES 3""DIA  ACTUATOR VALVE AIR OPERATED",2,,,,0,0,
AEAD,,004-0213-04,"BALL VALVES 3""DIA  ACTUVATOR VALVE AIR OPERATED",2,,,,0,0,
AEAD,,005-UTL,UTILITIES,3,,,,0,0,
AEAD,,004-0206-06,"BALL VALVES 3""DIA  ACTUATOR VALVE AIR OPERATED",2,,,,0,0,
AEAD,,003-0426-00,EMERGENCY SHOWER WITH EYE WASH LOADING BAY,0,,,,0,0,
AEAD,,004-0301-00,EMERGENCY SHOWER WITH EYE WASH FILLING EXIT 2,0,,,,0,0,
AEAD,,004-0517-00,STABILIZER ( SERVO ) ELSY,2,,,,0,0,
AEAD,,002-0025-00,AIR CONDITION EQUIPMENT SERVER ROOM,2,,,,0,0,
AEAD,,002-0024-00,AIR CONDITION EQUIPMENT IT STORE,2,,,,0,0,
AEAD,,011-0002-00,AIR CURTAIN UNITS CANTEEN,2,,,,0,0,
AEAD,,018-0103-00,AIRCONDITIONER EX,2,,,,0,0,
AEAD,,004-0205-04,"BALL VALVES 3""DIA  ACTUATOR VALVE AIR OPERATED",2,,,,0,0,
AEAD,,004-0440-00,PALLET  TROLLEY,2,,,,0,0,
AEAD,,004-0015-00,MANUAL FIRE DOOR(STORE-03),0,,,,0,0,
AEAD,,011-BLD,CANTEEN [LOCATION],3,,,,0,0,
AEAD,,004-0205-06,"BALL VALVES 3""DIA  ACTUATOR VALVE AIR OPERATED",2,,,,0,0,
AEAD,,004-0216-05,"BALL VALVES 3""DIA  ACTUATOR VALVE AIR OPERATED",2,,,,0,0,
AEAD,,015-0102-04,BREATHER VALVE FOR 5318 TANK,2,,,,0,0,
AEAD,,027-BLD SER,BUILDING AND SERVICES,3,,,,0,0,
AEAD,,034-0315-06,INDUCTION SET - Room 404,2,,,,0,0,
AEAD,,004-0219-02,LEVEL TRANSMITTER LIQUIPHANT M/S,0,,,,0,0,
AEAD,,000-UTL,UTILITIES,3,,,,0,0,
AEAD,,023-PROJ-00,PROJECTS GENERAL SITE,3,,,,0,0,
AEAD,,004-0214-09,"BALL VALVES 3""DIA  MANUAL",2,,,,0,0,
AEAD,,004-0024-00,MANUAL FIRE DOOR FACTORY,0,,,,0,0,
AEAD,,004-0200-13,"BALL VALVES 3""DIA  ACTUATOR VALVE AIR OPERATED",2,,,,0,0,
AEAD,,034-0001-05,MICRO OVEN - Room 604,2,,,,0,0,
AEAD,,034-0347-03,GRINDING MACHINE - Room 604,2,,,,0,0,
AEAE,MCD,AEAEMC0016,SPRING COLOUR PAINTS &COATINGS,,,,,0,0,
AEAD,,004-0152-01,SCALE ELECTRONIC 60 Kg,2,,,,0,0,
AEAD,,004-0208-05,"BALL VALVES 3""DIA  ACTUATOR VALVE AIR OPERATED",2,,,,0,0,
AEAD,,004-0200-00,DISSOLVER,1,,,,24560,0,90614
AEAD,,004-0152-00,DEVREE FILLING M/C ( RESIST),2,,,,4259,0,15293
AEAD,,004-0508-00,"FAN,DUST EXTRACTION",0,,,,554,0,21510
AEAD,,000-0006-00,MAIN GATE-01,2,,,,6656,0,81522
AEAD,,004-0006-00,ALL MANUAL FIRE DOORS,0,,,,449,0,2649
AEAD,,004-0518-00,"DALMEC  MANIPULATOR, 165 KG GRIPPER TYPE",1,,,,903,0,72811
AEAD,,004-0106-00,RUSSELL FILTER,2,,,,160,0,4153
AEAD,,004-0217-00,"AGITATOR , VARIABLE SPEED",2,,,,130,0,4632
AEAD,,003-0404-00,DIESEL FORKLIFT 45813,2,,,,21723,0,62111
AEAD,,010-0104-00,POT WASHING UNIT FOR RECLAIMER,2,,,,341,0,11873
AEAD,,004-0212-00,"AGITATOR , CONSTANT SPEED",1,,,,18,0,916
AEAD,,008-0103-00,"MULTICOLOR MACHINE,INDUSTRY(EVOPWR XL LINE MCI)",1,,,,0,0,5037
AEAD,,004-0177-12,"DIAPHRAGM  PUMP 1""DIA AIR OPERATED",2,,,,0,0,86
AEAD,,003-0410-00,ELECTRICAL REACH TRUCK P21120M02108 capcity 1400kgs,2,,,,0,0,35940
AEAD,,004-0176-00,HMI FOR OVER FILL PROTECTION,1,,,,44,0,44636
AEAD,,016-0106-00,"DIAPHRAGM PUMP EMULSION OFF LOADING,3''",1,,,,830,0,3571
AEAD,,004-0025-01,FACTORY PRODUCTION FAHU -1,2,,,,90,0,3582
AEAD,,004-0028-01,FACTORY TINTING FAHU -2,2,,,,109,0,307
AEAD,,004-0457-02,LIFT DOOR,1,,,,3768,0,3993
AEAD,,017-0100-00,"WATER TANK , 2000GLN",2,,,,0,0,5209
AEAD,,004-0485-00,"SCALE , ELECTRONIC 60 KG  X 0.02GM",2,,,,0,0,87
AEAD,,003-PROJ-00,PROJECTS GENERAL SITE,3,,,,0,0,1601
AEAD,,003-0422-00,ELECTRICAL REACH TRUCK 0699 cap 1400 kg,2,,,,1180,0,2130
AEAD,,024-0000-00,LOADING BAY FRONT AREA [LOCATION],3,,,,5173,0,5173
AEAD,,004-0577-00,Floor Cleaning Machine Filling - Karcher,2,,,,646,0,646
AEAD,,004-0576-00,Floor Cleaning Machine Production - Karcher,2,,,,1884,0,1884
AEAD,,022-0011-00,AIR CONDITION EQUIPMENT PRO CABIN,2,,,,450,0,450
AEAD,,015-BLD,EMULSION TANK FARM [LOCATION],3,,,,0,0,
AEAD,,004-0204-09,"BALL VALVES 3""DIA  ACTUATOR VALVE AIR OPERATED",2,,,,0,0,
AEAD,,010-BLD,SOLVENT RECOVERY AREA [LOCATION],3,,,,0,0,
AEAD,,004-0237-07,"BALL VALVES 3""DIA  MANUAL",2,,,,0,0,
AEAE,MCD,AEAEMC0033,ASIA BUILDING MATERIAL - MUSSAFAH 38,,,,,0,0,
AEAD,,004-0244-08,RAW MATERIALS CHARGING CHUTE MOVEABLE,2,,,,0,0,
AEAD,,004-0208-06,"BALL VALVES 3""DIA  MANUAL",2,,,,0,0,
AEAD,,004-0236-07,"BALL VALVES 3""DIA  MANUAL",2,,,,0,0,
AEAD,,020-PROJ-00,PROJECTS GENERAL SITE,3,,,,0,0,
AEAD,,013-BLD,PIPE BRIDGE [LOCATION],3,,,,0,0,
AEAD,,016-INV,INVESTMENTS,3,,,,0,0,
AEAD,,004-0239-07,"BALL VALVES 3""DIA  MANUAL",2,,,,0,0,
AEAD,,034-0347-01,Refrigerator - Room 604,2,,,,0,0,
AEAD,,002-0028-00,AIR CONDITION EQUIPMENT PC MEETING ROOM,2,,,,0,0,
AEAD,,022-BLD,HR & FINANCE OFFICE [ LOCATION],3,,,,0,0,
AEAD,,009-0408-00,1 TON SS CONTAINER,2,,,,0,0,
AEAD,,002-0039-00,AIR CONDITION EQUIPMENT UPS ROOM,2,,,,0,0,
AEAD,,004-0248-08,"BALL VALVES 3""DIA  ACTUATOR VALVE AIR OPERATED",2,,,,0,0,
AEAD,,004-0160-00,"FLOW METER FILLING ROOM, VOLUMETRIC RM 05318",2,,,,0,0,
AEAD,,004-0218-05,"BALL VALVES 3""DIA  ACTUATOR VALVE AIR OPERATED",2,,,,0,0,
AEAD,,004-0216-03,"BALL VALVES 3""DIA  ACTUATOR VALVE AIR OPERATED",2,,,,0,0,
AEAD,,034-BLD,Labor Camp,3,,,,0,0,
AEAD,,000-OP EQ,OPERATIONAL EQUIPMENTS,3,,,,0,0,
AEAE,MCD,AEAEMC0065,HAMAD BIN SALEM AL AZZANI- Burami MC Branch-1,,,,,0,0,
AEAD,,004-0245-06,"ACTUATOR BALL VALVE 3"" DIA",2,,,,0,0,
AEAD,,004-0245-04,"BUTTERFLY VALVE-SPRING RETURN,3"",245TANK 5305 LINE",2,,,,0,0,
AEAD,,016-BLD SER,BUILDING AND SERVICES,3,,,,0,0,
AEAE,MCD,AEAEMC0035,TROPICAL PAINT TRADING,,,,,0,0,
AEAD,,022-PROJ-00,PROJECTS GENERAL SITE,3,,,,0,0,
AEAD,,002-0044-00,AIR CONDITION EQUIPMENT IN ADMIN RECEPTION BACKSIDE - 3 TR,2,,,,0,0,
AEAD,,004-0177-09,"DIAPHRAGM  PUMP 1""DIA AIR OPERATED",2,,,,0,0,
AEAD,,017-BLD,WATER TANK AREA [LOCATION],3,,,,0,0,
AEAD,,004-0245-11,RAW MATERIALS CHARGING CHUTE MOVEABLE,2,,,,0,0,
AEAD,,008-0016-00,AIR CONDITION EQUIPMENT COLOUR LAB,2,,,,0,0,
AEAD,,004-0554-04,"FLOW METER 004-0554, VOLUMETRIC RM 05318",2,,,,0,0,
AEAD,,004-0014-00,MANUAL FIRE DOOR(NEAR MILL),0,,,,0,0,
AEAD,,004-0209-03,LEVEL TRANSMITTER LIQUIPHANT M/S,0,,,,0,0,
AEAD,,019-0112-00,Penetration Sealing System - 3,2,,,,0,0,
AEAD,,034-0002-03,Grinder Mixer,2,,,,0,0,
AEAD,,034-0309-02,WASHING MACHINE - Room 402,2,,,,0,0,
AEAD,,015-0101-03,LEVEL SENSOR - EPOXY  TANK,0,,,,0,0,
AEAD,,010-0408-00,"PORTABLE POT,MS,600LTR",2,,,,0,0,
AEAD,,026-0101-00,AIR CONDITION EQUIPMENT MOSQUE,2,,,,0,0,
AEAD,,021-BLD SER,BUILDING AND SERVICES,3,,,,0,0,
AEAD,,011-0001-00,CANTEEN AIR CON,2,,,,0,0,
AEAD,,023-INV,INVESTMENTS,3,,,,0,0,
AEAD,,008-HSE,HSE,3,,,,0,0,
AEAD,,024-PROJ-00,PROJECTS GENERAL SITE,3,,,,0,0,
AEAD,,004-0128-00,FILLING STAND,2,,,,0,0,
AEAD,,008-0403-00,BIAXIAL MIXER ROTA400,2,,,,0,0,
AEAD,,004-0149-00,PALLET TROLLEY MANUAL,2,,,,0,0,
AEAD,,002-0045-00,ALL MANUAL FIRE DOORS IN ADMIN,0,,,,0,0,
AEAD,,004-0248-03,"BUTTERFLY VALVE-SPRING RETURN,3"",248TANK 5304 LINE",2,,,,0,0,
AEAE,,MC-100,MC CUSTOMERS - ABU DHABI,,,,,0,0,
AEAD,,015-0101-04,LEVEL SWITCH [LIQUIPHANT]- EPOXY TANK,0,,,,0,0,
AEAD,,009-0002-00,AIR CONDITION EQUIPMENT ADMIN RECEPTION,2,,,,0,0,
AEAD,,022-0005-00,AIR CONDITION EQUIPMENT SPLIT CHIEF ACCOUNTANT,2,,,,0,0,
AEAD,,002-0018-00,AIR CONDITION EQUIPMENT IT MANAGER ROOM,2,,,,0,0,
AEAD,,004-0246-03,LEVEL TRANSMITTER LIQUIPHANT M/S,0,,,,0,0,
AEAD,,004-0295-00,"SCALE,ELECTRONIC IND560X,60KG X 0.002KG",2,,,,0,0,61
AEAD,,000-0007-00,MAIN GATE-02,2,,,,9780,0,60672
AEAD,,004-0004-00,FILLING PRODUCTION EARTHING CLAMPS,0,,,,721,0,4015
AEAD,,004-0434-00,20LTR PRESSING  UNIT,2,,,,4405,0,6303
AEAD,,008-0100-00,"MULTI COLOR MACHINE,DECORATIVE",1,,,,0,0,249
AEAD,,017-0104-00,GARDEN  PUMP,2,,,,234,0,908
AEAD,,019-0102-00,SMDB-03,1,,,,72,0,445
AEAD,,004-0230-00,PORTABLE MIXER,2,,,,146,0,686
AEAD,,004-0313-00,OVER HEAD BEAM [PRODUCTION/FILLING],2,,,,0,0,86
AEAD,,004-0547-00,Flow Meter Calibration [Inspection],2,,,,102,0,732
AEAD,,003-0416-00,BATTERY OPERATED PALLET STACKER  6531263,2,,,,8333,0,29702
AEAD,,025-0102-00,"CHILLER PUMP,SUPERMILL",1,,,,306,0,753
AEAD,,001-0000-00,GUARD ROOM [LOCATION],3,,,,166,0,4099
AEAD,,028-0000-00,AC STORE 2 Location,3,,,,0,0,10725
AEAD,,015-0103-00,"11205 EMULSION  TANK,GRP,40K LTR",2,,,,0,0,1799
AEAD,,009-0100-00,"PUMP,WATER TRANSFER",2,,,,0,0,173
AEAD,,004-0422-02,"TANK , 2000LTR",1,,,,952,0,1734
AEAD,,004-0458-02,LIFT DOOR,1,,,,54,0,166
AEAD,,003-0420-00,BATTERY OPERATED PALLET STACKER 6737185,2,,,,7650,0,20684
AEAD,,008-0407-00,MULTI COLOR MACHINE,2,,,,0,0,29
AEAD,,000-PROJ-00,PROJECTS GENERAL SITE,3,,,,0,0,1170
AEAD,,004-0410-00,"PALLET TROLLEY,HYDRAULIC 2.5 TON",2,,,,102,0,160
AEAD,,004-0244-02,"BUTTERFLY VALVE-SPRING RETURN 5304 LINE,2''",2,,,,29,0,293
AEAD,,009-0406-00,1 TON SS CONTAINER,2,,,,0,0,614
AEAD,,004-0568-00,"VACUUM CLEANER - 452 AIR14VZ22 ATEX,AIR OPERATED",2,,,,1256,0,1256
AEAD,,003-0428-00,Scissor lift FGWH,2,,,,54,0,54
AEAD,,004-0208-07,"Diaphragm pump 2"", XPS 820",2,,,,58,0,58
AEAD,,004-0212-04,"BALL VALVES 3""DIA  ACTUATOR VALVE AIR OPERATED",2,,,,0,0,
AEAD,,004-0246-04,"BALL VALVES 3""DIA  ACTUATOR VALVE AIR OPERATED",2,,,,0,0,
AEAE,MCD,AEAEMC0066,FORT BUILDING MATERIAL,,,,,0,0,
AEAD,,023-BLD SER,BUILDING AND SERVICES,3,,,,0,0,
AEAD,,034-0311-07,INDUCTION SET - Room 601,2,,,,0,0,
AEAD,,000-0023-01,EX EMERGENCY LIGHTS BATTERY,0,,,,0,0,
AEAD,,034-0330-03,GRINDING MACHINE - Room 603,2,,,,0,0,
AEAD,,004-0207-06,"BALL VALVES 3""DIA  MANUAL",2,,,,0,0,
AEAD,,009-0417-00,1 TON SS CONTAINER,2,,,,0,0,
AEAE,MCD,AEAEMC0044,AL EJBAN PAINTING,,,,,0,0,
AEAD,,016-OP EQ,OPERATIONAL EQUIPMENTS,3,,,,0,0,
AEAD,,004-0204-10,"BALL VALVES 3""DIA  MANUAL",2,,,,0,0,
AEAD,,004-0237-02,LEVEL TRANSMITTER LIQUIPHANT M/S,0,,,,0,0,
AEAD,,034-0347-02,WASHING MACHINE - Room 604,2,,,,0,0,
AEAD,,013-0000-00,PIPE BRIDGE [LOCATION],3,,,,0,0,
AEAD,,004-0212-02,"BALL VALVES 3""DIA  ACTUATOR VALVE AIR OPERATED",2,,,,0,0,
AEAE,,MCD,MC DECO CUSTOMERS - ABUDHABI,,,,,0,0,
AEAE,MCD,AEAEMC0089,AL NADOUD BUILDING MATERIALS BR,,,,,0,0,
AEAD,,012-0001-00,GI BOX FOR PREWEIGHING BOOTH,2,01-01-22 00:00,1240,,0,0,
AEAD,,023-BLD,FACTORY WASTE STORAGE AREA [LOCATION],3,,,,0,0,
AEAD,,004-0238-02,LEVEL TRANSMITTER LIQUIPHANT M/S,0,,,,0,0,
AEAD,,004-0201-14,"BALL VALVES 3""DIA  ACTUATOR VALVE AIR OPERATED",2,,,,0,0,
AEAD,,008-0406-00,GYRO MIXER [COLLOMIX SHAKER],2,,,,0,0,
AEAD,,002-0026-00,AIR CONDITION EQUIPMENT PANTRY,2,,,,0,0,
AEAD,,002-0015-00,AIR CONDITION EQUIPMENT NEAR SALES EXECUTIVE,2,,,,0,0,
AEAD,,034-0003-01,INDUCTION SET - Room 104,2,,,,0,0,
AEAD,,010-0105-09,"BALL VALVE 2"" DIA MANUAL",2,,,,0,0,
AEAD,,009-INV,INVESTMENTS,3,,,,0,0,
AEAD,,004-0558-00,"PALLET TROLLEY,HYDRAULIC 2.3 TON",2,,,,0,0,
AEAD,,004-0248-07,"BALL VALVES 3""DIA  ACTUATOR VALVE AIR OPERATED",2,,,,0,0,
AEAD,,015-0102-02,LEVEL SENSOR -5318  TANK,0,,,,0,0,
AEAD,,004-0237-05,"BALL VALVES 3""DIA  ACTUATOR VALVE AIR OPERATED",2,,,,0,0,
AEAD,,004-0200-18,"BALL VALVES 3""DIA  ACTUVATOR VALVE AIR OPERATED",2,,,,0,0,
AEAD,,004-0247-10,"BALL VALVES 3""DIA  ACTUATOR VALVE AIR OPERATED",2,,,,0,0,
AEAD,,004-0248-01,"TANK , 10000LTR",2,,,,0,0,
AEAD,,004-0237-06,"BALL VALVES 3""DIA  ACTUATOR VALVE AIR OPERATED",2,,,,0,0,
AEAD,,004-0219-04,"BALL VALVES 3""DIA  ACTUATOR VALVE AIR OPERATED",2,,,,0,0,
AEAD,,004-0127-00,FILLING STAND,2,,,,0,0,
AEAD,,004-0217-06,"BALL VALVES 3""DIA  MANUAL",2,,,,0,0,
AEAD,,004-0219-05,"BALL VALVES 3""DIA  ACTUATOR VALVE AIR OPERATED",2,,,,0,0,
AEAD,,004-0208-04,"BUTTERFLY VALVE 3""ACTUATOR VALVE AIR OPERATED",2,,,,0,0,
AEAD,,000-0017-00,ZONE CONTROL VALVES,0,,,,0,0,
AEAD,,009-PROJ-00,PROJECTS GENERAL SITE,3,,,,0,0,
AEAD,,009-0001-00,ELECTRICAL LIGHTING(WH-01/WH-02/AC STORE),2,,,,0,0,
AEAD,,004-0245-03,"BUTTERFLY VALVE-SPRING RETURN,3"",245TANK 5304 LINE",2,,,,0,0,
AEAD,,004-0200-08,"BALL VALVES 3""DIA  ACTUATOR VALVE AIR OPERATED",2,,,,0,0,
AEAD,,004-0209-06,"BALL VALVES 3""DIA  MANUAL",2,,,,0,0,
AEAD,,031-0002-00,AIR CONDITION EQUIPMENT NEAR E-WASTE CONTAINER.,2,,,,0,0,
AEAD,,004-0567-00,EMERGENCY SHOWER WITH EYE WASH ZNSi PRODUCTION,0,,,,0,0,
AEAD,,009-0409-00,1 TON SS CONTAINER,2,,,,0,0,
AEAD,,012-BLD,WARE HOUSE 1 [LOCATION],3,,,,0,0,
AEAD,,004-0200-15,"BALL VALVES 3""DIA ACTUATOR VALVE AIR OPERATED",2,,,,0,0,
AEAE,MCD,AEAEMC0051,Brightway Trading L.L.C,,,,,0,0,5
AEAD,,004-0000-00,FACTORY [ LOCATION ],3,,,,531324,0,1912562
AEAD,,003-0102-00,PORT-A-COOL M/C,2,,,,145,0,399
AEAD,,004-0503-00,ROOF FAN,0,,,,399,0,9702
AEAD,,004-0494-00,AIR HOIST 0.5TON near Pot washing area,2,,,,245,0,8286
AEAD,,004-0469-00,INLINE HEATER,1,,,,450,0,2084
AEAD,,004-0131-00,FILLING STAND,2,,,,0,0,381
AEAD,,004-0173-00,HIGH PRESSURE CLEANER PORTABLE,2,,,,404,0,11179
AEAD,,004-0448-00,4LTR PRESSING  UNIT,2,,,,4847,0,7090
AEAD,,004-0449-00,4LTR PRESSING  UNIT,2,,,,1866,0,2803
AEAD,,006-0102-00,MDB-02,1,,,,144,0,673
AEAD,,004-0221-00,"AGITATOR , VARIABLE SPEED",2,,,,72,0,2956
AEAD,,004-0490-01,"PRODUCT PUMP, SUPER FLOW MILL",2,,,,160,0,756
AEAD,,011-0100-00,"EXHAUST ROOF FAN, CANTEEN",0,,,,436,0,2378
AEAD,,003-0101-00,PORT-A-COOL M/C,2,,,,1029,0,1232
AEAD,,004-0208-00,"AGITATOR , CONSTANT SPEED",2,,,,443,0,2564
AEAD,,004-0222-00,"AGITATOR , VARIABLE SPEED",1,,,,0,0,672
AEAD,,004-0201-01,"DISSOLVER TANK , SS , 3000LTR",1,,,,803,0,8375
AEAD,,004-0458-01,LIFT DOOR,1,,,,4102,0,4294
AEAD,,004-0251-00,DRUM LIFTER,2,,,,808,0,1219
AEAD,,000-0015-00,METAL DIESEL TANK 1000 LTR CAPACITY,2,,,,65,0,14771
AEAD,,004-0177-01,SCALE REXSON COLOUR POINT ADVANCED DISPENSE TECHNOLOGY,2,,,,196,0,529
AEAD,,004-0126-00,FILLING STAND,2,,,,58,0,195
AEAD,,010-0430-00,"PORTABLE POT,SS,600LTR",2,,,,0,0,72
AEAD,,010-0405-00,"PORTABLE POT,SS,400LTR",2,,,,0,0,72
AEAD,,010-0415-00,"PORTABLE POT,SS,600LTR",2,,,,0,0,6536
AEAD,,000-0002-00,FIRE ALARM SYSTEM,0,,,,21540,0,28409
AEAD,,005-0101-00,"FIRE PUMP ELECTRIC,90KW",0,,,,320,0,2019
AEAD,,014-0103-00,"TEXONOL TANK,C.S.40K LTR",2,,,,0,0,464
AEAD,,004-0546-00,FIRE DOOR SLIDING Inspection,2,,,,392,0,1334
AEAD,,003-0107-00,FIRE DOOR [SLIDING],0,,,,54,0,69
AEAD,,004-0007-00,EMERGENCY LIGHT INSPECTION,1,,,,102,0,49976
AEAD,,026-0000-00,MOSQUE AREA [LOCATION],3,,,,23255,0,23838
AEAD,,010-0407-00,"PORTABLE POT,MS,600LTR",2,,,,0,0,2767
AEAD,,004-0188-00,EMERGENCY SHOWER WITH EYE WASH FILLING EXIT 1,0,,,,0,0,4249
AEAD,,004-0246-01,"TANK , 5000LTR.",1,,,,0,0,147
AEAD,,000-0024-00,Fire Fighting System,0,,,,25000,0,25000
AEAD,,000-0019-00,FIRE HOSE & HOSE REELS,0,,,,16895,0,24858
AEAD,,011-0004-00,AIR CONDITION EQUIPMENT MEET CUTTING ROOM,2,,,,0,0,0
AEAD,,004-0221-04,"BALL VALVES 3""DIA  ACTUATOR VALVE AIR OPERATED",2,,,,0,0,29
AEAD,,008-0130-00,"SCALE,ELECTRONIC,3000GM X 0.01GM",2,,,,0,0,0
AEAD,,002-0029-00,AIR CONDITION EQUIPMENT IN LABEL PRINTING,2,,,,0,0,0
AEAD,,009-0432-00,ELECTRIC FORKLIFT 36317,2,,,,5809,0,5809
AEAD,,003-0424-00,EMERGENCY SHOWER WITH EYE WASH FGWH-1,0,,,,15,0,15
AEAD,,004-0220-02,LEVEL TRANSMITTER LIQUIPHANT M/S,0,,,,0,0,
AEAD,,009-0416-00,1 TON SS CONTAINER,2,,,,0,0,
AEAE,MCD,AEAEMC0091,Rose Valley Building Materials L.L.C.,,,,,0,0,
AEAD,,009-BLD SER,BUILDING AND SERVICES,3,,,,0,0,
AEAD,,002-BLD,ADMIN. BUILDING [LOCATION],3,,,,0,0,
AEAD,,004-0543-01,MOBILE SHELVING MAINTENANCE STORE-02,2,,,,0,0,
AEAD,,004-0296-00,"SCALE,ELECTRONIC 60KG X 0.005KG",2,,,,0,0,
AEAD,,015-0102-01,"BUTTERFLY VALVE NEAR 5318  TANK,3''",2,,,,0,0,
AEAD,,004-0566-00,EMERGENCY SHOWER WITH EYE WASH RECLAIMER,0,,,,0,0,
AEAD,,034-0331-08,MICRO OVEN - Room 203,2,,,,0,0,
AEAD,,026-BLD SER,BUILDING AND SERVICES,3,,,,0,0,
AEAD,,004-0206-05,"BALL VALVES 3""DIA  ACTUATOR VALVE AIR OPERATED",2,,,,0,0,
AEAD,,004-0569-00,Floor Cleaning Machine BR 30/4C,2,,,,0,0,
AEAD,,009-0431-00,Fire Shutter Door- AC Store,0,,,,0,0,
AEAE,MCD,AEAEMC0068,HAMAD BIN SALEM AL AZZANI - (Sanaiya),,,,,0,0,
AEAD,,004-0201-19,"BALL VALVES 3""DIA  ACTIVATOR VALVE AIR OPERATED",2,,,,0,0,
AEAD,,006-PROJ-00,PROJECTS GENERAL SITE,3,,,,0,0,
AEAD,,002-0010-00,AIR CONDITION EQUIPMENT  IN DECO MANAGER CABIN,2,,,,0,0,
AEAD,,004-0241-09,"BALL VALVES 3""DIA  ACTUATOR VALVE AIR OPERATED",2,,,,0,0,
AEAE,MCD,AEAEMC0087,GOLDEN HOME PAINTS TRADING - NAJDHA,,,,,0,0,
AEAD,,026-0100-00,AIR CONDITION EQUIPMENT MOSQUE,2,,,,0,0,
AEAD,,004-0214-10,BALL VALVES,2,,,,0,0,
AEAD,,004-0582-00,Safety Interlocks,0,,,,0,0,
AEAD,,004-0150-00,PALLET TROLLEY MANUAL,2,,,,0,0,
AEAE,MCD,AEAEMC0085,APEX TRADING COMPANY - M9,,,,,0,0,
AEAD,,004-0201-26,"BALL VALVES 3""DIA  MANUAL",2,,,,0,0,
AEAE,MCD,AEAEMC0064,HAMAD BIN SALEM AL AZZANI- Burami MC (Main),,,,,0,0,
AEAD,,004-0235-02,LEVEL TRANSMITTER LIQUIPHANT M/S,0,,,,0,0,
AEAD,,005-0109-00,DOMESTIC BOOSTER WATER PUMP1,2,,,,0,0,
AEAE,MCD,AEAEMC0102,EBHAAR CONSTRUCTION - Khalifa City,,,,,0,0,
AEAD,,004-0248-06,"BALL VALVES 3""DIA  ACTUATOR VALVE AIR OPERATED",2,,,,0,0,
AEAD,,015-PROJ-00,PROJECTS GENERAL SITE,3,,,,0,0,
AEAD,,004-0013-00,MANUAL FIRE DOOR(NEAR HSE OFFICE),0,,,,0,0,
AEAD,,014-BLD,SOLVENT TANK FARM [LOCATION],3,,,,0,0,
AEAD,,009-0102-00,ALL MANUAL FIRE DOORS IN RMWH,0,,,,0,0,
AEAD,,011-0015-00,WATER TANK 1000L IN CANTEEN,2,,,,0,0,
AEAD,,004-0245-09,"GATE VALVE  6"" AIR OPERATED",2,,,,0,0,
AEAD,,004-0235-04,"BALL VALVES 3""DIA  ACTUATOR VALVE AIR OPERATED",2,,,,0,0,
AEAD,,010-0433-00,"PORTABLE POT,SS,800LTR",2,,,,0,0,
AEAD,,034-0315-08,MICRO OVEN - Room 404,2,,,,0,0,
AEAD,,004-0214-01,"TINTING  TANK , SS 6500 LTR",2,,,,0,0,
AEAE,MCD,AEAEMC0093,NOVA PAINTS TRADING,,,,,0,0,
AEAD,,004-0221-03,"BALL VALVES 3""DIA  ACTUATOR VALVE AIR OPERATED",2,,,,0,0,
AEAE,MCD,AEAEMC0083,LORCA TECHNICAL DECORATIONS,,,,,0,0,
AEAD,,004-0237-00,"AGITATOR , VARIABLE  SPEED",2,,,,87,0,939
AEAD,,006-0101-00,CAPACITOR BANK,1,,,,342,0,6873
AEAD,,004-0502-00,ROOF FAN,0,,,,685,0,2943
AEAD,,004-0243-00,AIR HOIST 2TON Lifterfrom tinting to filling,2,,,,5674,0,12289
AEAD,,004-0424-00,DUST  EXTRACTION  SYSTEM [ CHEMFLAKE],0,,,,8299,0,12067
AEAD,,004-0458-00,HYDRAULIC LIFT 2TON,1,,,,8081,0,13083
AEAD,,004-0123-00,AIR COMPRESSOR[SCREW],1,,,,30262,0,85030
AEAD,,004-0239-00,"AGITATOR , VARIABLE  SPEED",1,,,,224,0,1460
AEAD,,019-0109-00,AIR CONDITION EQUIPMENT IN PANEL ROOM 3,2,,,,0,0,29
AEAD,,004-0319-00,DEVREE FILLING M/C,2,,,,297,0,14070
AEAD,,004-0206-00,"AGITATOR , CONSTANT SPEED",1,,,,131,0,2267
AEAD,,015-0000-00,EMULSION TANK FARM [LOCATION],3,,,,0,0,307
AEAD,,010-0401-00,"PORTABLE POT,SS,400LTR",2,,,,0,0,202
AEAD,,009-0405-00,YARD CLEANING MACHINE,2,,,,5690,0,23516
AEAD,,004-0462-06,LEVEL SWITCH,0,,,,0,0,1229
AEAD,,029-0003-00,HOPPER FOR SILICA CHARGING,2,,,,0,0,36
AEAD,,016-0112-00,"NAPHTHA PUMP,CENTRIFUGAL",1,,,,125,0,161
AEAD,,011-0014-00,COMPOSTING MACHINE,2,,,,73,0,519
AEAD,,004-0237-04,"BALL VALVES 3""DIA  ACTUATOR VALVE AIR OPERATED",2,,,,0,0,29
AEAD,,000-0021-00,FM 200 & KITCHEN HOOD SUPPRESSION SYSTEM,0,,,,3038,0,3038
AEAD,,002-0030-00,AIR CONDITION EQUIPMENT COATING ADVISOR LV-2,2,,,,375,0,375
AEAD,,008-0013-00,AIR CONDITION EQUIPMENT PAINT SAMPLE ROOM,2,,,,0,0,0
AEAD,,002-0020-00,AIR CONDITION EQUIPMENT RECEPTION,2,,,,700,0,700
AEAD,,003-0430-00,PORTABLE WRAPPING MACHINE,2,,,,36,0,36
AEAD,,004-0592-00,PALLET TROLLEY MANUAL 2300KG (FILLING AREA),2,,,,0,0,
AEAD,,004-0214-07,"BALL VALVES 3""DIA  ACTUATOR VALVE AIR OPERATED",2,,,,0,0,
AEAD,,028-BLD,NEW A/C STORE[LOCATION],3,,,,0,0,
AEAD,,004-0033-00,AIR CONDITION EQUIPMENT MAINTENANCE  OFFICE,2,,,,0,0,
AEAD,,004-0235-07,"BALL VALVES 3""DIA  MANUAL",2,,,,0,0,
AEAD,,009-0413-00,1 TON SS CONTAINER,2,,,,0,0,
AEAD,,031-BLD,E-WASTE CONTAINER,3,,,,0,0,
AEAD,,013-BLD SER,BUILDING AND SERVICES,3,,,,0,0,
AEAE,MCD,AEAEMC0099,AL JESSOUR BUILDING MATERIALS TRADING L.L.C BRANCH OF ABU DHABI 1 MC,,,,,0,0,
AEAE,MCD,AEAEMC0088,ALATHRI GENERAL TRADING,,,,,0,0,
AEAD,,004-0588-00,"DIAPHRAGM PUMP 1.5"" S no. 31097072",1,,,,0,0,
AEAD,,004-0461-03,"BALL VALVE-SPRING RETURN 461 TANK,6''",2,,,,0,0,
AEAD,,010-0432-00,"PORTABLE POT,SS,800LTR",2,,,,0,0,
AEAD,,002-0011-00,AIR CONDITION EQUIPMENT IN DECO MANAGER,2,,,,0,0,
AEAD,,028-BLD SER,BUILDING AND SERVICES,3,,,,0,0,
AEAD,,004-0215-08,"BALL VALVES 3""DIA  ACTUATOR VALVE AIR OPERATED",2,,,,0,0,
AEAE,,MC-910,MC EQUIP FOR SALE - ABU DHABI,,,,,0,0,
AEAD,,004-0244-07,"GATE VALVE  6"" AIR OPERATED",2,,,,0,0,
AEAD,,034-0311-06,INDUCTION SET - Room 601,2,,,,0,0,
AEAD,,004-0216-06,"BALL VALVES 3""DIA  ACTUATOR VALVE AIR OPERATED",2,,,,0,0,
AEAD,,034-0313-07,INDUCTION SET - Room 401,2,,,,0,0,
AEAD,,004-0579-00,PALLET TROLLEY MANUAL 2300KG,2,,,,0,0,
AEAD,,004-0201-18,"BALL VALVES 3""DIA  ACTUVATOR VALVE AIR OPERATED",2,,,,0,0,
AEAD,,006-0001-00,AIR CONDITION UNITS IN LV ROOM,2,,,,0,0,
AEAD,,004-0209-04,"BUTTERFLY VALVE 3""ACTUATOR VALVE AIR OPERATED",2,,,,0,0,
AEAD,,024-BLD,LOADING BAY FRONT AREA [LOCATION],3,,,,0,0,
AEAD,,034-0337-03,GRINDING MACHINE - Room 402,2,,,,0,0,
AEAD,,034-0332-07,MICRO OVEN - Room 104,2,,,,0,0,
AEAD,,004-0244-06,BALL VALVES,2,,,,0,0,
AEAD,,005-0111-00,DOMESTIC BOOSTER WATER  PUMP 3,2,,,,0,0,
AEAD,,019-BLD,FACTORY ELECTRICAL PANEL ROOM [LOCATION],3,,,,0,0,
AEAD,,030-0100-00,AIR CONDITION EQUIPMENT IN  NEW GUARD ROOM,2,,,,0,0,
AEAD,,034-0309-07,INDUCTION SET - Room 504,2,,,,0,0,
AEAE,MCD,AEAEMC0094,RAJAB TRADING -MUSSAFAH 09,,,,,0,0,
AEAD,,021-BLD,GARDEN NEAR FACTORY CLEANING AREA[LOCATION],3,,,,0,0,
AEAD,,034-INV,INVESTMENTS,3,,,,0,0,
AEAD,,034-0333-01,Refrigerator - Room 602,2,,,,0,0,
AEAD,,009-0414-00,1 TON SS CONTAINER,2,,,,0,0,
AEAD,,004-0211-05,"BALL VALVES 3""DIA  ACTUATOR VALVE AIR OPERATED",2,,,,0,0,
AEAD,,012-INV,INVESTMENTS,3,,,,0,0,
AEAD,,007-BLD,FIRE WATER SPRINKLER TANK [LOCATION],3,,,,0,0,
AEAD,,008-0021-01,VRF IDU 1 - AIR CONDITION EQUIPMENT MEZZANINE FLOOR,2,,,,0,0,
AEAD,,004-0030-00,AIR CONDITION EQUIPMENT HYDRAULIC PUMP ROOM,2,,,,0,0,
AEAD,,004-0206-04,"BALL VALVES 3""DIA  ACTUATOR VALVE AIR OPERATED",2,,,,0,0,
AEAD,,SCRAPPED ASSETS,SCRAPPED OBJECTS,3,,,,0,0,
AEAD,,004-0217-03,"BALL VALVES 3""DIA  ACTUATOR VALVE AIR OPERATED",2,,,,0,0,
AEAD,,004-0452-00,STUCCO PUMP  NETZSCH,1,,,,297,0,46593
AEAD,,004-0201-02,"DISSOLVER TANK , SS , 3000 LTR",1,,,,329,0,6790
AEAD,,004-0460-00,"DIAPHRAGM PUMP-241 PUMPING, 3""",2,,,,0,0,6338
AEAD,,006-0103-00,CAPACITOR BANK,1,,,,2762,0,3635
AEAD,,004-0433-00,20LTR PRESSING  UNIT,2,,,,204,0,1983
AEAD,,004-0484-00,SPRAY BOOTH,1,,,,407,0,8871
AEAD,,011-0101-00,"EXHAUST ROOF FAN, CANTEEN",0,,,,457,0,2304
AEAD,,010-0418-00,"PORTABLE POT,SS,600LTR",2,,,,0,0,123
AEAD,,004-0500-00,"ROOF FAN, FUME EXTRACTION",0,,,,161,0,658
AEAD,,009-0240-00,DONALDSON POWDER BOOTH,0,,,,7238,0,9660
AEAD,,009-0430-00,DIESEL FORKLIFT 69511,2,,,,11304,0,26846
AEAD,,004-0457-01,LIFT DOOR,1,,,,1184,0,9975
AEAD,,004-0216-00,"AGITATOR , VARIABLE SPEED",2,,,,198,0,1304
AEAD,,004-0177-11,"DIAPHRAGM  PUMP 1""DIA AIR OPERATED",2,,,,0,0,44
AEAD,,008-0106-00,MULTI COLOR MACHINE,1,,,,0,0,29
AEAD,,004-0461-09,STEEL MASTER EMULSION CHARGING PUMP,2,,,,18,0,4949
AEAD,,004-0206-01,"BASE  TANK , SS , 5000LTR",2,,,,0,0,375
AEAD,,004-0544-00,INSTRUMENTS CALIBRATION,2,,,,1890,0,33504
AEAD,,003-0106-00,FIRE DOOR [SLIDING],0,,,,1944,0,1977
AEAD,,004-0028-00,CHILLER TINTING- 2 ROOFTOP,2,,,,0,0,87
AEAD,,012-0000-00,WARE HOUSE 1 [LOCATION],3,,,,11364,0,19476
AEAD,,010-0421-00,"PORTABLE POT,SS,400LTR",2,,,,54,0,177
AEAD,,009-0003-00,AIR CONDITION EQUIPMENT MULTICOLOR,2,,,,0,0,0
AEAD,,004-0209-01,"STORAGE  TANK , SS 3000 LTR",2,,,,0,0,447
AEAD,,004-0462-02,TRANSFER PUMP,1,,,,0,0,620
AEAD,,004-0414-00,"PALLET TROLLEY,HYDRAULIC 2.5 TON",2,,,,97,0,126
AEAD,,003-0104-00,"DOCK LEVER, FG STORE",2,,,,146,0,219
AEAD,,004-0215-01,"TINTING  TANK , SS 6500 LTR",2,,,,0,0,54
AEAD,,004-0216-01,"TINTING  TANK - WATER  BASED , SS 2000 LTR",2,,,,0,0,29
AEAD,,000-0016-00,FIRE VALVES,0,,,,0,0,0
AEAD,,004-0578-00,AIR HOIST 1.5TON near Dissolver 241,2,,,,225,0,225
AEAD,,004-0211-01,"STORAGE  TANK , SS 3000 LTR",2,,,,130,0,130
AEAD,,016-0111-00,"XYLENE PUMP,CENTRIFUGAL",1,,,,0,0,0
AEAD,,004-0001-00,ELECTRICAL PANEL ROOM,1,,,,1041,0,1041
AEAD,,016-0114-00,Earth Rite II RTR - Tankfarm Earthing Interlock,0,,,,73,0,73
AEAD,,004-0201-28,"Diaphragm pump 1"", XPS 220",2,,,,44,0,44
AEAD,,004-0512-00,MAINTENANCE STORE-01,2,,,,6035,0,6035
AEAD,,004-0222-02,LEVEL TRANSMITTER LIQUIPHANT M/S,0,,,,0,0,
AEAD,,004-0200-17,"BALL VALVES 3""DIA  ACTUATOR VALVE AIR OPERATED",2,,,,0,0,
AEAD,,004-0130-00,FILLING STAND,2,,,,0,0,
AEAD,,004-0236-05,"BALL VALVES 3""DIA  ACTUATOR VALVE AIR OPERATED",2,,,,0,0,
AEAD,,021-INV,INVESTMENTS,3,,,,0,0,
AEAD,,004-OP EQ,OPERATIONAL EQUIPMENTS,3,,,,0,0,
AEAD,,004-0314-00,OVER HEAD BEAM TINTING,2,,,,0,0,
AEAD,,034-0001-01,Refrigerator - Room 403,2,,,,0,0,
AEAD,,004-0222-05,"BALL VALVES 3""DIA  MANUAL",2,,,,0,0,
AEAD,,004-0032-00,AIR CONDITION EQUIPMENT COMPRESSOR ROOM,2,,,,0,0,
AEAD,,004-0201-11,"BALL VALVES 3""DIA  ACTUATOR VALVE AIR OPERATED",2,,,,0,0,
AEAD,,004-0492-06,"BALL VALVE, SPRING RETURN 2""",1,,,,0,0,
AEAD,,004-0461-07,HMI FOR ZINC SILICATE REACTOR,2,,,,0,0,
AEAD,,004-0105-08,"BALL VALVE 2"" DIA MANUAL",2,,,,0,0,
AEAD,,C056,JOTUN ABU DHABI,3,,,,0,0,
AEAD,,004-0514-00,CRIMPING MACHINE,2,,,,0,0,
AEAD,,004-0019-00,MANUAL FIRE DOOR(CHEMLFLAKE FILLING),0,,,,0,0,
AEAD,,004-0248-10,"BALL VALVES 3""DIA  ACTUATOR VALVE AIR OPERATED",2,,,,0,0,
AEAD,,034-0313-08,MICRO OVEN - Room 401,2,,,,0,0,
AEAD,,017-BLD SER,BUILDING AND SERVICES,3,,,,0,0,
AEAD,,034-0309-08,MICRO OVEN - Room 104,2,,,,0,0,
AEAD,,002-0041-00,AIR CONDITION EQUIPMENT IN PC TECHNICAL,2,,,,0,0,
AEAD,,008-0104-00,"SHAKER,GYROSCOPIC",2,,,,0,0,
AEAD,,004-0487-00,"SCALE, ELECTRONIC 60 Kg",2,,,,0,0,
AEAD,,000-0020-00,FIRE MAINS & PIPELINE,0,,,,0,0,
AEAD,,004-0221-05,"BALL VALVES 3""DIA  MANUAL",2,,,,0,0,
AEAD,,009-0410-00,1 TON SS CONTAINER,2,,,,0,0,
AEAD,,011-0012-00,COOKING RANGE 6 BURNER,2,,,,0,0,
AEAD,,010-BLD SER,BUILDING AND SERVICES,3,,,,0,0,
AEAD,,004-0216-04,"BALL VALVES 3""DIA  ACTUATOR VALVE AIR OPERATED",2,,,,0,0,
AEAD,,034-0335-02,WASHING MACHINE - Room 403,2,,,,0,0,
AEAD,,001-PROJ-00,PROJECTS GENERAL SITE,3,,,,0,0,
AEAD,,008-0020-00,AIR CONDITION EQUIPMENT OLD MAINTENANCE STORE 3 IN MEZANNINE,2,,,,0,0,
AEAD,,004-0241-13,"BALL VALVES 3""DIA  ACTUATOR VALVE AIR OPERATED",2,,,,0,0,
AEAD,,004-UTL,UTILITIES,3,,,,0,0,
AEAD,,021-0000-00,GARDEN NEAR FACTORY CLEANING AREA[LOCATION],3,,,,0,0,
AEAD,,002-0040-00,AIR CONDITION EQUIPMENT DECO OFFICE,2,,,,0,0,
AEAD,,004-0200-07,"BALL VALVES 3""DIA  ACTUVATOR VALVE AIR OPERATED",2,,,,0,0,
AEAD,,004-0217-05,"BALL VALVES 3""DIA  ACTUATOR VALVE AIR OPERATED",2,,,,0,0,
AEAD,,008-0021-03,VRF IDU 3 - AIR CONDITION EQUIPMENT MEZZANINE FLOOR,2,,,,0,0,
AEAD,,004-0422-03,CHARGING CHUTE FOR DISSOLVER 60HP [OLD],2,,,,0,0,
AEAD,,004-0220-04,"BALL VALVES 3""DIA  ACTUATOR VALVE AIR OPERATED",2,,,,0,0,
AEAD,,028-0103-00,AIR CONDITION EQUIPMENT FINISHED GOODS A/C  STORE,2,,,,0,0,
AEAD,,004-0468-01,"TANK, 3000GLN",2,,,,0,0,
AEAD,,034-0315-02,WASHING MACHINE - Room 404,2,,,,0,0,
AEAD,,004-BLD,FACTORY [ LOCATION ],3,,,,0,0,
AEAD,,034-0331-03,GRINDING MACHINE - Room 203,2,,,,0,0,
AEAD,,004-0241-02,"DISSOLVER  TANK , SS , 3500 LTR , JACKETED TANK",1,,,,270,0,3942
AEAD,,008-0000-00,PRODUCTION OFFICE AREA [LOCATION ],3,,,,6885,0,37879
AEAD,,004-0401-00,"VACUUM CLEANER, AIR OPERATED",2,,,,225,0,1153
AEAD,,004-0012-00,VENTILATION DUCT AND CONVEYOR ROLLER  EARTHING,0,,,,407,0,1289
AEAD,,004-0035-00,AIR CONDITION EQUIPMENT MLT ROOM,2,,,,0,0,3870
AEAD,,009-0426-00,1 TON SS CONTAINER,2,,,,0,0,36
AEAD,,029-0000-00,WARE HOUSE 3,3,,,,6410,0,61319
AEAD,,010-0103-00,SOLVENT DISTILLATION UNIT,1,,,,1901,0,24966
AEAD,,004-0172-00,"HIGH PRESSURE CLEANING MACHINE
OUTSIDE Near staircase tinting area",2,,,,469,0,7783
AEAD,,004-0541-00,AIR HOIST 2TON near Dissolver 244,2,,,,209,0,1461
AEAD,,004-0205-00,"AGITATOR , CONSTANT SPEED",1,,,,467,0,1821
AEAD,,003-0103-00,PORT-A-COOL M/C,2,,,,160,0,2125
AEAD,,003-0105-00,WRAPPING MACHINE,2,,,,1332,0,21335
AEAD,,004-0139-00,"SCALE,ELECTRONIC 2200KG X 0.5KG",2,,,,3005,0,3492
AEAD,,004-0246-02,ELECTRICAL PANEL FOR 246-AGITATOR,1,,,,0,0,1730
AEAD,,004-0321-00,BATTERY OPERATED PALLET STACKER - Production area,2,,,,28423,0,30658
AEAD,,005-0000-00,PUMP HOUSE [LOCATION],3,,,,25060,0,65462
AEAD,,000-0013-00,MAINTENANCE INSPECTION FOR HAZARDOUS AREA -ATEX,1,,,,338,0,806
AEAD,,003-0109-00,AUTOMATIC SLIDING DOOR,3,,,,3370,0,3622
AEAD,,004-0212-01,"STORAGE  TANK , SS 3000 LTR",2,,,,0,0,29
AEAD,,004-0195-00,FIRE DOOR[SLIDING] FILLING ROOM,0,,,,0,0,734
AEAD,,010-0406-00,"PORTABLE POT,MS,600LTR",2,,,,0,0,1146
AEAD,,016-0105-00,"DIAPHRAGM PUMP-ALKYD OFF LOADING,3''",1,,,,0,0,260
AEAD,,014-0110-00,SAFE RACK M3-MAUI-MOBILE ACCESS UNIT,2,,,,0,0,15
AEAD,,018-0000-00,OLD A/C STORE [LOCATION],3,,,,0,0,18
AEAD,,000-0003-00,FIRE SPRINKLER,0,,,,159,0,232
AEAD,,004-0486-00,"SCALE , ELECTRONIC 60 KG  X 0.02GM",2,,,,0,0,160
AEAD,,004-0408-00,"PALLET TROLLEY,HYDRAULIC 2.5 TON",2,,,,0,0,18
AEAD,,004-0009-00,ELECTRICAL TOMOGRAPHY INSPECTION,1,,,,4538,0,16321
AEAD,,004-0423-02,AIR HANDLING UNIT FILLING,2,,,,3952,0,4010
AEAD,,004-0245-01,TANK,1,,,,58,0,15623
AEAD,,010-0105-01,"AMMONIA OFF LOADING DIAPHRAGM PUMP 2""DIA",2,,,,0,0,83
AEAD,,004-0177-18,"DIAPHRAGM  PUMP 1""DIA AIR OPERATED",2,,,,0,0,58
AEAD,,003-0002-00,AIR CONDITION EQUIPMENT IN CSD,2,,,,0,0,0
AEAD,,004-0207-07,"Diaphragm pump 2"", XPS 820",2,,,,58,0,58
AEAD,,004-0209-07,"Diaphragm pump 2"", XPS 820",2,,,,58,0,58
AEAD,,004-0557-00,AIR HOIST 2TON near Dissolver 554,2,,,,44,0,44
AEAD,,004-0177-13,"DIAPHRAGM  PUMP 1""DIA AIR OPERATED",2,,,,29,0,29
AEAD,,004-0241-18,CHARGING CHUTE FOR DISSOLVER,2,,,,29,0,29
AEAD,,034-BLD SER,BUILDING AND SERVICES,3,,,,0,0,
AEAD,,007-HSE,HSE,3,,,,0,0,
AEAD,,008-0404-00,BIAXIAL MIXER ROTA400,2,,,,0,0,
AEAD,,008-0131-00,"SCALE,ELECTRONIC,220GM",2,,,,0,0,
AEAD,,004-0177-04,"DIAPHRAGM  PUMP 1""DIA AIR OPERATED",2,,,,0,0,
AEAD,,004-0469-02,BALL VALVE SPRING RETURN [HOT WATER CIRCULATION],2,,,,0,0,
AEAD,,034-0001-04,INDUCTION SET - Room 337,2,,,,0,0,
AEAD,,004-0200-11,"BALL VALVES 3""DIA  ACTUATOR VALVE AIR OPERATED",2,,,,0,0,
AEAD,,013-INV,INVESTMENTS,3,,,,0,0,
AEAD,,004-0200-16,BALL VALVES,2,,,,0,0,
AEAD,,003-0010-00,AIR CONDITION EQUIPMENT IN INVOICE ROOM,2,,,,0,0,
AEAD,,015-0103-02,LEVEL SENSOR  - 11205  TANK,0,,,,0,0,
AEAD,,010-0426-00,"PORTABLE POT,SS,600LTR",2,,,,0,0,
AEAD,,004-0247-03,"BUTTERFLY VALVE-SPRING RETURN,3"",247TANK 5304 LINE",2,,,,0,0,
AEAD,,002-0032-00,AIR CONDITION EQUIPMENT IN PC TECHNICAL,2,,,,0,0,
AEAD,,034-0313-03,GRINDING MACHINE - Room 401,2,,,,0,0,
AEAD,,004-0166-00,"FLOW METER  TINTING ROOM , VOLUMETRIC WATER",2,,,,0,0,
AEAD,,004-0210-05,"BALL VALVES 3""DIA  MANUAL",2,,,,0,0,
AEAD,,026-PROJ-00,PROJECTS GENERAL SITE,3,,,,0,0,
AEAD,,004-0239-05,"BALL VALVES 2""DIA  ACTUATOR VALVE AIR OPERATED",2,,,,0,0,
AEAD,,019-0113-00,Penetration Sealing System - 4,2,,,,0,0,
AEAD,,010-0400-00,"PORTABLE POT,SS,400LTR",2,,,,0,0,
AEAD,,004-0201-13,"BALL VALVES 3""DIA  ACTUATOR VALVE AIR OPERATED",2,,,,0,0,
AEAD,,034-0311-03,GRINDING MACHINE - Room 601,2,,,,0,0,
AEAD,,004-0235-06,"BALL VALVES 3""DIA  ACTUATOR VALVE AIR OPERATED",2,,,,0,0,
AEAD,,014-OP EQ,OPERATIONAL EQUIPMENTS,3,,,,0,0,
AEAD,,002-0014-00,AIR CONDITION EQUIPMENT SPC SALES EXECUTIVE,2,,,,0,0,
AEAD,,AEAD,ABU DHABI FACTORY,3,,,,0,0,
AEAD,,032-BLD SER,BUILDING AND SERVICES,3,,,,0,0,
AEAD,,017-UTL,UTILITIES,3,,,,0,0,
AEAD,,004-0420-01,Spreader Beam for Dissolver,2,,,,0,0,
AEAD,,006-BLD,TRANSFORMER ROOM [LOCATION],3,,,,0,0,
AEAD,,004-0241-12,"BALL VALVES 3""DIA  ACTUATOR VALVE AIR OPERATED",2,,,,0,0,
AEAD,,014-HSE,HSE,3,,,,0,0,
AEAD,,019-0114-00,Penetration Sealing System - 5,2,,,,0,0,
AEAD,,012-0004-00,GI BOX FOR PREWEIGHING BOOTH,2,,,,0,0,
AEAD,,034-0337-07,INDUCTION SET - Room 4002,2,,,,0,0,
AEAD,,004-0209-05,"BALL VALVES 3""DIA  ACTUATOR VALVE AIR OPERATED",2,,,,0,0,
AEAD,,006-BLD SER,BUILDING AND SERVICES,3,,,,0,0,
AEAD,,004-0011-00,MANUAL FIRE DOOR(NEAR ELECTRICAL ROOM-02),0,,,,0,0,
AEAD,,029-PROJ-00,PROJECTS GENERAL SITE,3,,,,0,0,
AEAD,,004-0207-03,LEVEL TRANSMITTER LIQUIPHANT M/S,0,,,,0,0,
AEAD,,029-BLD SER,BUILDING AND SERVICES,3,,,,0,0,
AEAD,,015-INV,INVESTMENTS,3,,,,0,0,
AEAD,,034-0331-07,INDUCTION SET - Room 203,2,,,,0,0,
AEAE,MCC,AEAEMC0042,ASIA BUILDING MATERIAL -MUSSAFAH 10,,,,,0,0,
AEAD,,004-0201-17,"BALL VALVES 3""DIA  ACTIVATOR VALVE AIR OPERATED",2,,,,0,0,
AEAD,,000-0000-00,SITE AREA EXTERNAL [LOCATION],3,,,,174184,0,663804
AEAD,,004-0003-00,TINTING- EARTHING CLAMPS,0,,,,2899,0,6185
AEAD,,004-0005-00,TINTING FILLING-EARTHING CLAMPS,0,,,,913,0,4316
AEAD,,004-0548-00,AC Inspection in Production Department,2,,,,0,0,578
AEAD,,004-0450-00,4LTR PRESSING  UNIT,2,,,,1053,0,2644
AEAD,,004-0427-00,4LTR PRESSING  UNIT,2,,,,1081,0,3850
AEAD,,004-0492-00,HEATER,1,,,,466,0,1646
AEAD,,004-0209-00,"AGITATOR , CONSTANT SPEED",2,,,,1374,0,2292
AEAD,,004-0218-00,"AGITATOR, VARIABLE SPEED",2,,,,29,0,685
AEAD,,004-0235-00,"AGITATOR , VARIABLE SPEED",1,,,,65,0,2607
AEAD,,002-0038-00,AIR CONDITION EQUIPMENT GM ROOM,2,,,,0,0,36
AEAD,,004-0294-00,"SCALE,ELECTRONIC 60KG X 10GM",2,,,,0,0,15
AEAD,,000-0005-00,GATE -01 BARRIER,1,,,,54,0,1337
AEAD,,004-0542-00,LIFTING DEVICE-INSPECTION,1,,,,24683,0,79573
AEAD,,004-0441-01,Spreader Beam for Dissolver,2,,,,0,0,36
AEAD,,004-0026-00,CHILLER PRODUCTION- 2 ROOFTOP,2,,,,29,0,333
AEAD,,003-0418-00,AC Inspection In FG Area,2,,,,29,0,80
AEAD,,010-0423-00,"PORTABLE POT,SS,400LTR",2,,,,169,0,1751
AEAD,,004-0409-00,"PALLET TROLLEY,HYDRAULIC 2.5 TON",2,,,,0,0,945
AEAD,,004-0177-02,"DIAPHRAGM  PUMP 1""DIA AIR OPERATED",2,,,,1722,0,1961
AEAD,,004-0559-00,"PALLET TROLLEY,HYDRAULIC 2.3 TON",2,,,,44,0,116
AEAD,,002-0003-00,AIR CONDITION EQUIPMENT NEAR DECO FIRE DOOR,2,,,,0,0,0
AEAD,,004-0200-24,"Diaphragm pump 1"", XPS 220",2,,,,44,0,44
AEAD,,011-0007-03,VRF IDU 3 - AIR CONDITION EQUIPMENT CANTEEN DINING AREA,2,,,,0,0,
AEAD,,010-PROJ-00,PROJECTS GENERAL SITE,3,,,,0,0,
AEAD,,004-0201-21,"BALL VALVES 3""DIA  ACTIVATOR VALVE AIR OPERATED",2,,,,0,0,
AEAD,,003-0429-00,PALLET TROLLEY - FGWH,2,,,,0,0,
AEAD,,008-0021-02,VRF IDU 2 - AIR CONDITION EQUIPMENT MEZZANINE FLOOR,2,,,,0,0,
AEAD,,011-0007-02,VRF IDU 2 - AIR CONDITION EQUIPMENT CANTEEN DINING AREA,2,,,,0,0,
AEAD,,019-PROJ-00,PROJECTS GENERAL SITE,3,,,,0,0,
AEAD,,004-0469-04,BALL VALVE SPRING RETURN [HOT WATER CIRCULATION],2,,,,0,0,
AEAD,,004-0247-06,"BALL VALVES 3""DIA  ACTUATOR VALVE AIR OPERATED",2,,,,0,0,
AEAD,,004-0159-00,"FLOW METER FILLING ROOM, VOLUMETRIC RM 11205",2,,,,0,0,
AEAD,,004-0247-08,"BALL VALVES 3""DIA  ACTUATOR VALVE AIR OPERATED",2,,,,0,0,
AEAD,,026-BLD,MOSQUE AREA [LOCATION],3,,,,0,0,
AEAD,,011-0005-00,AIR CONDITION EQUIPMENT COLD STORAGE ROOM,2,,,,0,0,
AEAD,,034-0001-02,WASHING MACHINE - Room 602,2,,,,0,0,
AEAD,,004-0461-04,"MANUAL BALL VALVE, 6""",2,,,,0,0,
AEAD,,004-0241-15,"BALL VALVES 3""DIA  ACTUATOR VALVE AIR OPERATED",2,,,,0,0,
AEAD,,004-0461-06,BALL VALVE-SPRING RETURN,2,,,,0,0,
AEAD,,003-INV,INVESTMENTS,3,,,,0,0,
AEAD,,034-0311-08,MICRO OVEN - Room 402,2,,,,0,0,
AEAD,,004-0207-04,BUTTERFLY VALVE 2 INCH ACTUATOR VALVE AIR OPERATE,2,,,,0,0,
AEAD,,004-0223-01,"TINTING  TANK- SOLVENT BASED , SS 2000 LTR",2,,,,0,0,
AEAE,MCD,AEAEMC0053,BIN NASSER HARDWARE TRADING CO - LLC BRANCH1,,,,,0,0,
AEAE,MCD,AEAEMC0007,AL MEZIN BUILDING MATERIAL TRADING LLC,,,,,0,0,
AEAD,,004-0204-08,"BALL VALVES 3""DIA  ACTUATOR VALVE AIR OPERATED",2,,,,0,0,
AEAD,,004-0245-07,"BALL VALVES 3""DIA  ACTUVATOR VALVE AIR OPERATED",2,,,,0,0,
AEAE,MCC,AEAEMC0082,ASIA PAINT EXHIBITION - M7,,,,,0,0,
AEAD,,003-0425-00,EMERGENCY SHOWER WITH EYE WASH FGWH-2,0,,,,0,0,
AEAD,,004-0237-01,"COMPONENT B-TANK [ B-PART] , SS , 3000 LTR",2,,,,0,0,
AEAD,,004-0222-03,"BALL VALVES 3""DIA  ACTUATOR VALVE AIR OPERATED",2,,,,0,0,
AEAD,,004-0217-02,LEVEL TRANSMITTER LIQUIPHANT M/S,0,,,,0,0,
AEAD,,004-0541-01,Spreader Beam for Dissolver,2,,,,0,0,
AEAD,,008-0411-00,BATTERY OPERATED PALLET TROLLEY  (Linde) 1.5TON,2,,,,0,0,
AEAD,,029-INV,INVESTMENTS,3,,,,0,0,
AEAD,,002-0036-00,AIR CONDITION EQUIPMENT SALES MANAGER ROOM,2,,,,0,0,
AEAD,,022-0012-00,AIR CONDITION EQUIPMENT EXECUTIVE SECRETARY CABIN,2,,,,0,0,
AEAE,MCD,AEAEMC0078,APEX TRADING COMPANY,,,,,0,0,
AEAD,,004-0218-01,"TINTING TANK - WATER BASED , SS 2000 LTR",2,,,,0,0,
AEAD,,004-0177-03,"DIAPHRAGM  PUMP 1""DIA AIR OPERATED",2,,,,0,0,
AEAD,,009-0412-00,1 TON SS CONTAINER,2,,,,0,0,
AEAD,,008-INV,INVESTMENTS,3,,,,0,0,
AEAD,,021-PROJ-00,PROJECTS GENERAL SITE,3,,,,0,0,
AEAD,,003-0007-00,AIR CONDITION EQUIPMENT IN MARKETING STORE 2,2,,,,0,0,
AEAD,,009-0420-00,1 TON SS CONTAINER,2,,,,0,0,
AEAD,,004-0200-12,"BALL VALVES 3""DIA  ACTUATOR VALVE AIR OPERATED",2,,,,0,0,
AEAD,,004-0177-07,"DIAPHRAGM  PUMP 1""DIA AIR OPERATED",2,,,,0,0,
AEAD,,000-0022-00,FIRE DAMPER,0,,,,0,0,
AEAD,,011-0011-00,AIR CONDITION EQUIPMENT CANTEEN EXIT,2,,,,0,0,
AEAD,,004-0204-05,"BALL VALVES 3""DIA  ACTUATOR VALVE AIR OPERATED",2,,,,0,0,
AEAD,,022-INV,INVESTMENTS,3,,,,0,0,
AEAD,,004-0317-00,OVERHEAD BEAM[NEAR 201/244],2,,,,0,0,
AEAD,,004-0556-01,Spreader Beam for Dissolver 461,2,,,,0,0,
AEAD,,004-0201-00,DISSOLVER,1,,,,27510,0,94833
AEAD,,004-0214-00,"AGITATOR , VARIABLE SPEED",1,,,,0,0,2117
AEAD,,004-0225-00,SUPERMILL,1,,,,39246,0,66371
AEAD,,004-0247-05,ELECTRICAL PANEL FOR AGITATOR-247,2,,,,0,0,1773
AEAD,,019-0101-00,SMDB-02,1,,,,72,0,423
AEAD,,004-0442-00,AIR HOIST 2TON near Dissolver 201,2,,,,160,0,635
AEAD,,004-0241-01,"DISSOLVER  TANK , SS , 3500 LTR , JACKETED TANK",1,,,,13837,0,14174
AEAD,,004-0423-04,AIR HANDLING UNIT FILLING,2,,,,1846,0,2323
AEAD,,004-0468-02,"COOLING PUMP, REACTOR",1,,,,220,0,740
AEAD,,004-0207-00,"AGITATOR , CONSTANT SPEED",2,,,,181,0,7008
AEAD,,003-0417-00,ELECTRIC FORKLIFT 2 TON 32190,2,,,,8954,0,46947
AEAD,,010-0000-00,SOLVENT RECOVERY AREA [LOCATION],3,,,,2487,0,28803
AEAD,,004-0026-01,FACTORY PRODUCTION FAHU -2,2,,,,65,0,2718
AEAD,,028-0100-00,AIRCONDITIONER NEW A/C STORE,1,,,,0,0,36
AEAD,,005-0100-00,"FIRE PUMP,DIESEL DRIVEN UL LISTED & FM APPROVED 1250 GPM 216 BHP@3000 RPM",0,,,,929,0,20525
AEAD,,004-0201-27,MOVABLE CHARGING CHUTE,2,,,,0,0,194
AEAD,,016-0103-00,"DIAPHRAGM PUMP 5304,3''",1,,,,0,0,10159
AEAD,,004-0423-03,AIR HANDLING UNIT FILLING,2,,,,65,0,109
AEAD,,020-0000-00,CAR PARKING AREA-ADMIN  [LOCATION],3,,,,0,0,162
AEAD,,004-0564-00,BATTERY OPERATED PALLET STACKER - EX-PROOF  6841013 - Filling area,2,,,,20583,0,23134
AEAD,,008-0116-00,BIAXIAL MIXER ROTA400,2,,,,29,0,29
AEAD,,004-0207-01,"STORAGE  TANK , SS , 3000 LTR",2,,,,0,0,54
AEAD,,008-0410-00,EMERGENCY SHOWER WITH EYE WASH RECEIVING AREA,0,,,,0,0,36
AEAD,,004-0252-00,DRUM LIFTER,2,,,,91,0,178
AEAD,,000-0004-00,FIRE DELUGE,0,,,,0,0,0
AEAD,,004-0143-00,"SCALE,ELECTRONIC 150KGX0.5GMS",2,,,,120,0,120
AEAD,,004-0590-00,Pneumatic Label peeler,2,,,,414,0,414
AEAD,,004-0223-04,"BALL VALVES 3""DIA  ACTUATOR VALVE AIR OPERATED",2,,,,0,0,
AEAD,,004-0215-05,"BALL VALVES 3""DIA  ACTUATOR VALVE AIR OPERATED",2,,,,0,0,
AEAD,,004-0432-01,60KG Weigh Scale for 244 dissolver filling purpose,2,,,,0,0,
AEAD,,004-0175-01,"Battery for EX BOPT  Model 2PZS250 24V, 250AH",2,,,,0,0,
AEAD,,004-0207-02,"BALL VALVES 3""DIA  ACTUATOR VALVE AIR OPERATED",2,,,,0,0,
AEAD,,008-BLD SER,BUILDING AND SERVICES,3,,,,0,0,
AEAD,,002-0021-00,AIR CONDITION EQUIPMENT RECEPTION ENTRANCE,2,,,,0,0,
AEAD,,004-0222-04,"BALL VALVES 3""DIA  ACTUATOR VALVE AIR OPERATED",2,,,,0,0,
AEAD,,034-0332-06,INDUCTION SET - Room 104,2,,,,0,0,
AEAD,,008-0402-00,WEIGH SCALE METLER TOLEDO 3200 GRAMS,2,,,,0,0,
AEAD,,004-0201-20,"BALL VALVES 3""DIA  ACTUVATOR VALVE AIR OPERATED",2,,,,0,0,
AEAD,,000-0023-00,EMERGENCY & EXIT LIGHTS,0,,,,0,0,
AEAD,,014-0104-01,"FLAME ARRESTER,2'' CONNECTION",1,,,,0,0,
AEAD,,004-0020-00,ELECTRICAL INSPECTION(DISSOLVERS),1,,,,0,0,
AEAD,,004-0467-04,"BALL VALVE, SPRING RETURN HCL TANK",2,,,,0,0,
AEAD,,011-0007-01,VRF IDU 1 - AIR CONDITION EQUIPMENT CANTEEN DINING AREA,2,,,,0,0,
AEAD,,017-0103-00,WATER TANK  2000GLN,2,,,,0,0,
AEAD,,009-0434-00,Packaged Air Condition ductable type AC store 3,2,,,,0,0,
AEAD,,034-0332-03,GRINDING MACHINE - Room 104,2,,,,0,0,
AEAD,,007-INV,INVESTMENTS,3,,,,0,0,
AEAD,,004-0245-05,ELECTRICAL PANEL FOR 245-WISPERSOR,1,,,,0,0,
AEAD,,004-0545-00,PRESSURE HOSE TESTING- YEARLY,1,,,,0,0,
AEAD,,018-BLD SER,BUILDING AND SERVICES,3,,,,0,0,
AEAD,,004-0177-05,"DIAPHRAGM  PUMP 1""DIA AIR OPERATED",2,,,,0,0,
AEAD,,014-0102-01,"FLAME ARRESTER,2'' CONNECTION",1,,,,0,0,
AEAD,,004-0492-03,"BALL VALVE, SPRING RETURN 2""",1,,,,0,0,
AEAD,,014-0104-02,LEVEL SWITCH,0,,,,0,0,
AEAD,,004-0241-16,"BALL VALVES 3""DIA  MANUAL",2,,,,0,0,
AEAD,,000-INV,INVESTMENTS,3,,,,0,0,
AEAD,,018-BLD,OLD A/C STORE [LOCATION],3,,,,0,0,
AEAD,,002-BLD SER,BUILDING AND SERVICES,3,,,,0,0,
AEAD,,002-0043-00,AIR CONDITION EQUIPMENT IN Admin Fenomastic Conference Room - 3 TR,2,,,,0,0,
AEAD,,017-PROJ-00,PROJECTS GENERAL SITE,3,,,,0,0,
AEAD,,004-0168-00,"FLOW METER  PRODUCTION ROOM , VOLUMETRIC RM02000",2,,,,0,0,
AEAD,,011-0007-00,VRF ODU - AIR CONDITION EQUIPMENT CANTEEN DINING AREA,2,,,,0,0,
AEAD,,022-0004-00,AIR CONDITION EQUIPMENT SPLIT JR. ACCOUNTANT,2,,,,0,0,
AEAD,,015-0101-00,"BINDER EPOXY TANK,C.S.40K LTR",2,,,,0,0,
AEAD,,029-BLD,WARE HOUSE 3,3,,,,0,0,
AEAD,,034-0331-02,WASHING MACHINE - Room 203,2,,,,0,0,
AEAD,,004-0201-15,"BALL VALVES 3""DIA  ACTUATOR VALVE AIR OPERATED",2,,,,0,0,
AEAD,,004-0589-00,SILICA SS 304 STAND & CHUTE,1,,,,0,0,
AEAE,MCD,AEAEMC0056,SAEED AL ZAABI GENERAL TRADING LLC,,,,,0,0,
AEAD,,004-0584-00,"DIAPHRAGM PUMP 3"" S no. 31044763",1,,,,0,0,
AEAD,,004-0238-03,"BALL VALVES 3""DIA  ACTUATOR VALVE AIR OPERATED",2,,,,0,0,
AEAD,,004-0462-04,MANUAL BALL VALVE,2,,,,0,0,
AEAD,,004-0224-00,SUPERMILL,1,,,,13968,0,23624
AEAD,,004-0179-00,FLOW METER (PROFIBUS) FOR AMMONIA,1,,,,0,0,814
AEAD,,004-0445-00,DEVREE  AUTOMATIC FILLING M/C,1,,,,21698,0,108500
AEAD,,002-0000-00,ADMIN. BUILDING [LOCATION],3,,,,64583,0,221950
AEAD,,004-0210-00,"AGITATOR , CONSTANT SPEED",2,,,,407,0,2181
AEAD,,004-0236-00,"AGITATOR , VARIABLE SPEED",1,,,,292,0,1633
AEAD,,004-0245-00,"WISPERSOR ,",1,,,,13491,0,54201
AEAD,,004-0456-00,4LIT PRESSING  UNIT,2,,,,1331,0,3669
AEAD,,004-0506-00,ROOF FAN,0,,,,440,0,2243
AEAD,,004-0111-00,DIAPHRAGM PUMP,2,,,,7174,0,12019
AEAD,,004-0144-00,"SCALE,ELECTRONIC 60KGX0.5GMS",2,,,,0,0,340
AEAD,,004-0246-00,AGITATOR[NEW],1,,,,260,0,1835
AEAD,,008-0114-00,DALMEC MANIPULATOR,2,,,,387,0,6784
AEAD,,004-0422-00,DISSOLVER 60HP [OLD],1,,,,10080,0,41155
AEAD,,004-0463-00,"PUMP CENTRIFUGAL,HCL",1,,,,189,0,3627
AEAD,,004-0432-00,20LTR PRESSING  UNIT,2,,,,131,0,12717
AEAD,,016-0000-00,TANK FARM AREA [LOCATION],3,,,,14942,0,81528
AEAD,,004-0248-00,AGITATOR[NEW],2,,,,253,0,3165
AEAD,,004-0468-03,"COLD WATER CIRCULATION PUMP, ZINC SILICATE",2,,,,130,0,686
AEAD,,004-0200-22,"BALL VALVES 3""DIA  MANUAL",2,,,,0,0,65
AEAD,,000-0012-00,Earth Pit Inspection,2,,,,189,0,789
AEAD,,025-0101-00,"CHILLER PUMP,RECIRCULATION",1,,,,180,0,851
AEAD,,010-0419-00,"PORTABLE POT,SS,600LTR",2,,,,0,0,29
AEAD,,004-0132-00,FILLING STAND,2,,,,0,0,29
AEAD,,004-0177-08,"DIAPHRAGM  PUMP 1""DIA AIR OPERATED",2,,,,0,0,116
AEAD,,004-0423-05,AIR HANDLING UNIT FILLING,2,,,,109,0,2212
AEAD,,010-0411-00,"PORTABLE POT,SS,600LTR",2,,,,0,0,44
AEAD,,004-0129-00,FILLING STAND,2,,,,0,0,29
AEAD,,003-0003-00,AIR CONDITION EQUIPMENT IN CSD,2,,,,0,0,15
AEAD,,004-0177-16,"DIAPHRAGM  PUMP 1""DIA AIR OPERATED",2,,,,0,0,76
AEAD,,004-0036-00,AIR CONDITION EQUIPMENT MLT ROOM,2,,,,0,0,15
AEAD,,004-0138-00,"SCALE , ELECTRONIC 150 KG  X 0.02GM",2,,,,1326,0,1643
AEAD,,003-0423-00,ELECTRICAL REACH TRUCK 0648 cap 1400 kg,2,,,,5880,0,8180
AEAD,,008-0015-00,AIR CONDITION EQUIPMENT PRODUCTION PLANING OFFICE,2,,,,9625,0,9625
AEAD,,010-0428-00,"PORTABLE POT,SS,600LTR",2,,,,148,0,148
AEAD,,004-0219-01,"TINTING  TANK - WATER BASED , SS 2000 LTR",2,,,,97,0,97
AEAD,,010-0431-00,"PORTABLE POT,SS,800LTR",2,,,,72,0,72
AEAD,,004-0554-02,CHARGING CHUTE FOR WISPERSOR 10 KL,2,,,,58,0,58
AEAD,,019-0110-00,Penetration Sealing System - 1,2,,,,0,0,
AEAE,MCD,AEAEMC0032,COLOURS PARADISE PAINT TRADING CENTER (HBS i),,,,,0,0,
AEAD,,004-0215-10,BALL VALVES,2,,,,0,0,
AEAD,,034-0337-01,Refrigerator - Room 402,2,,,,0,0,
AEAD,,004-0244-03,"BUTTERFLY VALVE-SPRING RETURN 5305 LINE, 2''",2,,,,0,0,
AEAD,,008-LAB,LAB EQUIPMENT,3,,,,0,0,
AEAD,,008-0101-00,"SHAKER,NON GYROSCOPIC",2,,,,0,0,
AEAD,,002-0007-00,AIR CONDITION EQUIPMENT  IN  KEY ACCOUNT MANAGER,2,,,,0,0,
AEAD,,004-0220-03,"BALL VALVES 3""DIA  ACTUATOR VALVE AIR OPERATED",2,,,,0,0,
AEAD,,034-0313-01,Refrigerator - Room 401,2,,,,0,0,
AEAD,,004-0201-23,"BALL VALVES 3""DIA  ACTIVATOR VALVE AIR OPERATED",2,,,,0,0,
AEAD,,004-0208-02,"BALL VALVES 3""DIA  ACTUATOR VALVE AIR OPERATED",2,,,,0,0,
AEAD,,003-BLD,FINISHED GOODS STORE [ LOCATION],3,,,,0,0,
AEAE,MCD,AEAEMC0095,AL RAHI TRADING,,,,,0,0,
AEAD,,014-0102-02,LEVEL SWITCH,0,,,,0,0,
AEAD,,019-0107-00,AIR CONDITION EQUIPMENT IN PANEL ROOM 2,2,,,,0,0,
AEAD,,002-0031-00,AIR CONDITION EQUIPMENT TECHNICAL SERVICE MANAGER- MARINE,2,,,,0,0,
AEAD,,020-BLD SER,BUILDING AND SERVICES,3,,,,0,0,
AEAD,,020-BLD,CAR PARKING AREA-ADMIN  [LOCATION],3,,,,0,0,
AEAD,,004-0246-05,"BALL VALVES 3""DIA  ACTUATOR VALVE AIR OPERATED",2,,,,0,0,
AEAD,,004-0247-09,"BALL VALVES 3""DIA  ACTUATOR VALVE AIR OPERATED",2,,,,0,0,
AEAD,,004-0241-14,"BALL VALVES 3""DIA  ACTUATOR VALVE AIR OPERATED",2,,,,0,0,
AEAD,,004-0211-02,"BALL VALVES 3""DIA  ACTUATOR VALVE AIR OPERATED",2,,,,0,0,
AEAD,,004-0235-01,"THINNER  TANK , SS, 3000 LTR",2,,,,0,0,
AEAD,,004-0465-00,SEMI FINISH TRANSFER PUMP [OXALIC],1,,,,0,0,
AEAD,,004-0201-16,"BALL VALVES 3""DIA  ACTUATOR VALVE AIR OPERATED",2,,,,0,0,
AEAD,,005-OP EQ,OPERATIONAL EQUIPMENTS,3,,,,0,0,
AEAD,,004-0241-11,"BALL VALVES 3""DIA  ACTUATOR VALVE AIR OPERATED",2,,,,0,0,
AEAD,,009-OP EQ,OPERATIONAL EQUIPMENTS,3,,,,0,0,
AEAD,,004-0170-00,"FLOW METER  PRODUCTION ROOM , VOLUMETRIC RM02110",2,,,,0,0,
AEAD,,009-0423-00,1 TON SS CONTAINER,2,,,,0,0,
AEAD,,009-0422-00,1 TON SS CONTAINER,2,,,,0,0,
AEAD,,004-0236-03,"BALL VALVES 3""DIA  ACTUATOR VALVE AIR OPERATED",2,,,,0,0,
AEAD,,004-BLD SER,BUILDING AND SERVICES,3,,,,0,0,
AEAD,,004-0210-02,"BALL VALVES 3""DIA  ACTUATOR VALVE AIR OPERATED",2,,,,0,0,
AEAE,MCD,AEAEMC0063,COLOURS PARADISE PAINT TRADING CENTER (HBS II),,,,,0,0,
AEAD,,009-0407-00,1 TON SS CONTAINER,2,,,,0,0,
AEAD,,004-0245-08,"GATE VALVE  6"" AIR OPERATED",2,,,,0,0,
AEAD,,004-0204-06,"BALL VALVES 3""DIA  ACTUATOR VALVE AIR OPERATED",2,,,,0,0,
AEAD,,004-0200-14,"BALL VALVES 3""DIA  ACTUATOR VALVE AIR OPERATED",2,,,,0,0,
AEAD,,004-0213-02,"BALL VALVES 3""DIA  ACTUATOR VALVE AIR OPERATED",2,,,,0,0,
AEAE,,MC-AEAE,MULTICOLOR SERVICE - ABU DHABI,,,,,0,0,
AEAE,MCC,AEAEMC0075,GOLDEN HOME PAINTS TRADING,,,,,0,0,
AEAD,,010-0102-00,"DIAPHRAGM PUMP 2""",2,,,,0,0,
AEAD,,004-0241-00,DISSOLVER,1,,,,55890,0,192270
AEAD,,004-0215-00,"AGITATOR , VARIABLE SPEED",1,,,,3145,0,20168
AEAD,,004-0507-00,ROOF FAN,0,,,,5162,0,6833
AEAD,,004-0202-00,DISSOLVER[FLOOR MOUNTED],1,,,,6248,0,13258
AEAD,,004-0457-00,HYDRAULIC LIFT 2TON,1,,,,12243,0,19293
AEAD,,004-0425-00,DUST  EXTRACTION  SYSTEM [ PRODUCTION ],0,,,,2518,0,8473
AEAD,,004-0515-00,HMI OVER FILL PROTECTION AND EMERGENCY-LEVEL SWITC,0,,,,828,0,2452
AEAD,,010-0429-00,"PORTABLE POT,SS,600LTR",2,,,,54,0,112
AEAD,,004-0204-00,"AGITATOR , CONSTANT SPEED",2,,,,683,0,8734
AEAD,,010-0105-02,"AMMONIA TRANSFER DIAPHRAGM PUMP 2"" DIA",2,,,,554,0,1418
AEAD,,004-0177-17,"DIAPHRAGM  PUMP 1""DIA AIR OPERATED",2,,,,0,0,452
AEAD,,027-0000-00,PEROXIDE ROOM AREA [LOCATION],3,,,,0,0,2314
AEAD,,010-0403-00,"PORTABLE POT,SS,400LTR",2,,,,0,0,58
AEAD,,000-0001-00,FIRE EXTINGUISHERS,0,,,,504,0,636
AEAD,,009-0101-00,"PUMP,WATER TRANSFER",2,,,,72,0,277
AEAD,,027-0100-00,AIR CONDITION EQUIPMENT IN PEROXIDE ROOM,2,,,,0,0,1168
AEAD,,017-0102-00,WATER TANK 2000GLN,2,,,,0,0,2272
AEAD,,019-0106-00,AIR CONDITION EQUIPMENT IN PANEL ROOM 1,2,,,,0,0,1865
AEAD,,004-0034-00,AIR CONDITION EQUIPMENT MAINTENANCE STORE-02,2,,,,0,0,595
AEAD,,029-0002-00,HOPPER FOR SILICA CHARGING,2,,,,0,0,54
AEAD,,004-0555-00,"PALLET TROLLEY,HYDRAULIC 2.3 TON",2,,,,0,0,116
AEAD,,032-0000-00,DRIVER REST ROOM [LOCATION],3,,,,0,0,44
AEAD,,004-0205-05,"BALL VALVES 3""DIA  ACTUATOR VALVE AIR OPERATED",2,,,,0,0,0
AEAD,,010-0420-00,"PORTABLE POT,SS,600LTR",2,,,,72,0,72
AEAD,,003-0001-00,AIR CONDITION EQUIPMENT IN CSD,2,,,,0,0,0
AEAD,,004-0151-00,LIFTING TROLLEY MANUAL,2,,,,73,0,73
AEAD,,004-0412-00,PALLET TROLLEY MANUAL 2300KG,2,,,,134,0,134
AEAD,,004-0134-00,FILLING STAND,2,,,,29,0,29
AEAD,,004-0210-03,LEVEL TRANSMITTER LIQUIPHANT M/S,0,,,,0,0,
AEAD,,004-0201-25,BALL VALVES,2,,,,0,0,
AEAD,,027-INV,INVESTMENTS,3,,,,0,0,
AEAD,,019-BLD SER,BUILDING AND SERVICES,3,,,,0,0,
AEAD,,004-0462-03,BUTTERFLY VALVE SPRING RETURN,1,,,,0,0,
AEAD,,012-0005-00,60KG SCALE FOR PREWEIGHING BOOTH,2,,,,0,0,
AEAD,,003-BLD SER,BUILDING AND SERVICES,3,,,,0,0,
AEAD,,004-0580-00,PALLET TROLLEY MANUAL 2300KG,2,,,,0,0,
AEAD,,000-BLD SER,BUILDING AND SERVICES,3,,,,0,0,
AEAD,,025-BLD SER,BUILDING AND SERVICES,3,,,,0,0,
AEAD,,000-0010-01,"ELECTRIC WATER PUMP 1"" DIA",2,,,,0,0,
AEAD,,006-INV,INVESTMENTS,3,,,,0,0,
AEAD,,004-0200-21,"BALL VALVES 3""DIA  MANUAL",2,,,,0,0,
AEAD,,010-0424-00,"PORTABLE POT,SS,600LTR",2,,,,0,0,
AEAD,,034-0313-02,WASHING MACHINE - Room 401,2,,,,0,0,
AEAD,,027-PROJ-00,PROJECTS GENERAL SITE,3,,,,0,0,
AEAD,,009-0421-00,1 TON SS CONTAINER,2,,,,0,0,
AEAD,,006-0100-01,ACB Breaker for MDB 1,1,,,,0,0,
AEAD,,004-0235-03,"BALL VALVES 2""DIA  ACTUATOR VALVE AIR OPERATED",2,,,,0,0,
AEAD,,002-0025-01,AIR CONDITION EQUIPMENT SERVER ROOM,2,,,,0,0,
AEAD,,004-0247-04,"BUTTERFLY VALVE-SPRING RETURN,3"",247TANK 5305 LINE",2,,,,0,0,
AEAD,,002-0009-00,AIR CONDITION EQUIPMENT NEAR SALES COORDINATOR,2,,,,0,0,
AEAD,,005-0107-00,"WATER TANK (DOMESTIC), 40000Liters",2,,,,0,0,
AEAD,,009-0427-00,1 TON SS CONTAINER,2,,,,0,0,
AEAD,,004-0237-03,"BALL VALVES 3""DIA  ACTUATOR VALVE AIR OPERATED",2,,,,0,0,
AEAD,,005-BLD,PUMP HOUSE [LOCATION],3,,,,0,0,
AEAD,,012-PROJ-00,PROJECTS GENERAL SITE,3,,,,0,0,
AEAD,,004-0219-03,"BALL VALVES 3""DIA  ACTUATOR VALVE AIR OPERATED",2,,,,0,0,
AEAD,,009-0425-00,1 TON SS CONTAINER,2,,,,0,0,
AEAD,,010-OP EQ,OPERATIONAL EQUIPMENTS,3,,,,0,0,
AEAD,,004-0469-05,BALL VALVE SPRING RETURN [HOT WATER CIRCULATION],2,,,,0,0,
AEAD,,004-0462-05,BALL VALVE SPRING RETURN,2,,,,0,0,
AEAD,,004-0490-02,MECHANICAL SEAL FOR SUPERFLOW BUHLER MILL [AGITATOR MILL],1,,,,0,0,
AEAD,,004-0215-06,"BALL VALVES 3""DIA  ACTUATOR VALVE AIR OPERATED",2,,,,0,0,
AEAD,,004-0219-06,"BALL VALVES 3""DIA  MANUAL",2,,,,0,0,
AEAD,,004-0177-14,"DIAPHRAGM  PUMP 1""DIA AIR OPERATED",2,,,,0,0,
AEAD,,004-0461-05,BALL VALVE-SPRING RETURN,2,,,,0,0,
AEAD,,001-INV,INVESTMENTS,3,,,,0,0,
AEAD,,004-0818-00,HOIST BEAM 2 TON CAPACITY.,1,,,,0,0,
AEAD,,008-0005-00,AIR CONDITION EQUIPMENT OM CABIN,2,,,,0,0,
AEAD,,012-0003-00,GI BOX FOR PREWEIGHING BOOTH,2,,,,0,0,
AEAD,,004-0016-00,MANUAL FIRE DOOR(NEAR HIGH PRESSURE CLEANING M/C),0,,,,0,0,
AEAD,,004-0162-00,"FLOW METER FILLING ROOM, VOLUMETRIC 245 TRANSFER",2,,,,0,0,
AEAD,,012-0005-01,LABEL PRINTER,2,,,,0,0,
AEAD,,014-PROJ-00,PROJECTS GENERAL SITE,3,,,,0,0,
AEAD,,011-0000-00,CANTEEN [LOCATION],3,,,,9296,0,109107
AEAD,,004-0462-01,"REACTOR TANK, 3000 LIT",1,,,,2107,0,2324
AEAD,,004-0238-00,"AGITATOR , VARIABLE  SPEED",1,,,,146,0,4292
AEAD,,004-0227-00,STATIONARY MIXER,2,,,,723,0,3391
AEAD,,004-0490-00,SUPERFLOW BUHLER MILL [AGITATOR MILL],1,,,,12182,0,20780
AEAD,,004-0238-07,"BALL VALVES 3""DIA  MANUAL",2,,,,0,0,253
AEAD,,004-0116-00,DIAPHRAGM PUMP,2,,,,1270,0,11807
AEAD,,004-0430-00,20LTR PRESSING UNIT,2,,,,2814,0,7985
AEAD,,016-0101-00,PUMP[GEAR] 2540,2,,,,419,0,1275
AEAD,,010-0425-00,"PORTABLE POT,SS,600LTR",2,,,,0,0,97
AEAD,,004-0297-00,"SCALE , ELECTRICAL EX-2000KG X .2 KG",2,,,,4600,0,6562
AEAD,,004-0553-00,Kitchen Hood Cleaning,2,,,,1380,0,1719
AEAD,,004-0210-01,"STORAGE  TANK , SS 3000 LTR",2,,,,1925,0,2955
AEAD,,004-0008-00,RACK INSPECTION AND CERTIFICATION-YEARLY,1,,,,12478,0,40658
AEAD,,004-0310-00,"FIRE DOOR[SLIDING]  PRODUCTION ,ELECTRIC",0,,,,2800,0,3529
AEAD,,016-0113-00,"TEXANOL PUMP,CENTRIFUGAL",1,,,,125,0,157
AEAD,,004-0560-00,GRAVIMETRIC FILLING MACHINE,2,,,,14160,0,18824
AEAD,,022-0002-00,AIR CONDITION EQUIPMENT FINANCE MANAGER CABIN,2,,,,0,0,15
AEAD,,001-0001-00,AIR CONDITIONING UNITS IN GUARD ROOM-1,2,,,,0,0,375
AEAD,,003-0006-00,AIR CONDITION EQUIPMENT IN MARKETING STORE 3,2,,,,87,0,87
AEAD,,010-0417-00,"PORTABLE POT,SS,600LTR",2,,,,36,0,65
AEAD,,014-0102-00,"XYLENE TANK,C.S.,40K LTR",2,,,,618,0,618
AEAD,,004-0583-00,10KL PUMP  NETZSCH,1,,,,800,0,800
AEAD,,004-0246-09,"Diaphragm pump 1"", XPS 220",2,,,,44,0,44
AEAD,,008-0021-05,VRF IDU 5 - AIR CONDITION EQUIPMENT MEZZANINE FLOOR,2,,,,0,0,
AEAE,MCD,AEAEMC0100,AL KAISAR BUILDING MATERIALS & DECOR,,,,,0,0,
AEAD,,000-0026-00,FLOOD PROTECTION BARRIER,3,,,,0,0,
AEAD,,017-INV,INVESTMENTS,3,,,,0,0,
AEAD,,002-0008-00,AIR CONDITION EQUIPMENT IN DECO OFFICE,2,,,,0,0,
AEAD,,004-0236-02,LEVEL TRANSMITTER LIQUIPHANT M/S,0,,,,0,0,
AEAD,,004-0218-02,LEVEL TRANSMITTER LIQUIPHANT M/S,0,,,,0,0,
AEAD,,008-0115-00,BIAXIAL MIXER ROTA400,2,,,,0,0,
AEAD,,003-0008-00,AIR CONDITION EQUIPMENT IN MARKETING STORE 1,2,,,,0,0,
AEAD,,034-0335-08,MICRO OVEN - Room 403,2,,,,0,0,
AEAD,,004-0221-01,"TINTING  TANK - SOLVENT BASED , SS 2000 LTR",2,,,,0,0,
AEAD,,000-0018-00,FIRE HYDRANTS,0,,,,0,0,
AEAD,,008-0014-00,AIR CONDITION EQUIPMENT PURCHASE MANAGER CABIN,2,,,,0,0,
AEAD,,004-0161-00,"FLOW METER FILLING ROOM, VOLUMETRIC RM 02540",2,,,,0,0,
AEAD,,004-0210-04,"BALL VALVES 3""DIA  ACTUATOR VALVE AIR OPERATED",2,,,,0,0,
AEAD,,004-0469-01,BALL VALVE SPRING RETURN [HOT WATER CIRCULATION],2,,,,0,0,
AEAD,,004-0218-03,"BALL VALVES 3""DIA  ACTUATOR VALVE AIR OPERATED",2,,,,0,0,
AEAE,MCD,AEAEMC0090,SEA SIDE SANITARY TRADING,,,,,0,0,
AEAD,,004-0211-03,"BALL VALVES 3""DIA  ACTUATOR VALVE AIR OPERATED",2,,,,0,0,
AEAD,,004-0223-03,"BALL VALVES 3""DIA  ACTUATOR VALVE AIR OPERATED",2,,,,0,0,
AEAD,,010-0105-03,"PROSONIC.M LEVEL TRANSMITTER WITH HART, PROFIBUS-P",0,,,,0,0,
AEAD,,004-0236-06,"BALL VALVES 3""DIA  ACTUATOR VALVE AIR OPERATED",2,,,,0,0,
AEAD,,004-0216-02,LEVEL TRANSMITTER LIQUIPHANT M/S,0,,,,0,0,
AEAD,,005-HSE,HSE,3,,,,0,0,
AEAD,,028-0102-00,AIR CONDITION EQUIPMENT RM A/C STORE,2,,,,0,0,
AEAD,,027-0101-00,AIR CONDITION EQUIPMENT IN PEROXIDE ROOM,2,,,,0,0,
AEAD,,013-PROJ-00,PROJECTS GENERAL SITE,3,,,,0,0,
AEAD,,004-0241-10,"BALL VALVES 3""DIA  ACTUATOR VALVE AIR OPERATED",2,,,,0,0,
AEAD,,010-0410-00,"PORTABLE POT,MS,600LTR",2,,,,0,0,
AEAD,,019-0111-00,Penetration Sealing System - 2,2,,,,0,0,
AEAD,,004-0208-01,"STORAGE  TANK,SS, 3000LTR",2,,,,0,0,
AEAD,,004-0239-03,"BALL VALVES 3""DIA  ACTUATOR VALVE AIR OPERATED",2,,,,0,0,
AEAD,,006-UTL,UTILITIES,3,,,,0,0,
AEAD,,034-0333-07,INDUCTION SET - Room 602,2,,,,0,0,
AEAD,,004-0207-05,"BALL VALVES 3""DIA  ACTUATOR VALVE AIR OPERATED",2,,,,0,0,
AEAD,,004-0591-00,PALLET TROLLEY MANUAL 2300KG (FILLING AREA),2,,,,0,0,
AEAD,,004-0563-00,AIR FLOW METER,2,,,,0,0,
AEAD,,030-BLD,NEW  GUARD  ROOM,3,,,,0,0,
AEAD,,020-INV,INVESTMENTS,3,,,,0,0,
AEAD,,034-0002-01,Refrigerator - Room 404,2,,,,0,0,
AEAD,,004-0201-24,BALL VALVES,2,,,,0,0,
AEAD,,034-0315-03,GRINDING MACHINE - Room 404,2,,,,0,0,
AEAD,,005-0110-00,DOMESTIC BOOSTER WATER PUMP 2,2,,,,0,0,
AEAD,,001-BLD,GUARD ROOM [LOCATION],3,,,,0,0,
AEAD,,007-PROJ-00,PROJECTS GENERAL SITE,3,,,,0,0,
AEAD,,004-0201-22,"BALL VALVES 3""DIA  ACTIVATOR VALVE AIR OPERATED",2,,,,0,0,
AEAD,,030-BLD SER,BUILDING AND SERVICES,3,,,,0,0,
AEAD,,004-0509-00,"FAN,DUST EXTRACTION",0,,,,386,0,2661
AEAD,,022-0000-00,HR & FINANCE [ LOCATION],3,,,,9295,0,36840
AEAD,,004-0318-00,DEVREE FILLING M/C,1,,,,4632,0,29533
AEAD,,006-0100-00,MDB-01,1,,,,3093,0,10786
AEAD,,009-0000-00,WARE HOUSE 2 [LOCATION],3,,,,30470,0,138333
AEAD,,004-0002-00,PRODUCTION- EARTHING CLAMPS,0,,,,752,0,3951
AEAD,,003-0000-00,FINISHED GOODS STORE [ LOCATION],3,,,,49407,0,200871
AEAD,,004-0501-00,"ROOF FAN, FUME EXTRACTION",0,,,,28474,0,30060
AEAD,,004-0426-00,20LTR PRESSING  UNIT,2,,,,1669,0,4113
AEAD,,004-0447-00,PNEUMATIC  PUMP  AND  FILTERING  GROUP,1,,,,826,0,13293
AEAD,,004-0459-00,"VACUUM CLEANER,AIR OPERATED",2,,,,131,0,724
AEAD,,004-0470-00,HOT WATER CIRCULATION,1,,,,90,0,3334
AEAD,,004-0248-05,ELECTRICAL PANEL FOR 248-AGITATOR,2,,,,0,0,1776
AEAD,,019-0100-00,SMDB-01,1,,,,90,0,459
AEAD,,004-0135-00,PEROXIDE DOSING PUMP,2,,,,613,0,6976
AEAD,,005-0103-00,"FIRE FOAM TANK,1000 GLN",0,,,,544,0,45288
AEAD,,004-0200-01,"DISSOLVER TANK , SS, 2000LTR",1,,,,1254,0,7414
AEAD,,004-0241-07,HOPPER FOR 241 [FOR SILICA CHARGING],1,,,,472,0,545
AEAD,,004-0415-00,"PALLET TROLLEY,HYDRAULIC 2.5 TON",2,,,,58,0,87
AEAD,,010-0414-00,"PORTABLE POT,SS,600LTR",2,,,,87,0,1331
AEAD,,003-0108-00,FIRE DOOR [SLIDING],0,,,,0,0,348
AEAD,,004-0511-00,AMMONIA TANK,1,,,,94,0,422
AEAD,,005-0102-00,"FIRE PUMP JOCKEY,ELECTRIC,1.1KW",0,,,,36,0,98
AEAD,,031-0000-00,E-WASTE CONTAINER,3,,,,0,0,768
AEAD,,004-0561-00,"DALMEC  MANIPULATOR 160 KG, VACCUUM CUP",1,,,,6162,0,9352
AEAD,,006-0000-00,TRANSFORMER ROOM [LOCATION],3,,,,2436,0,4209
AEAD,,004-0189-00,EMERGENCY SHOWER WITH EYE WASH ZNSi FILLING,0,,,,0,0,36
AEAD,,015-0102-00,"5318 EMULSION TANK,GRP,40K LTR",2,,,,0,0,615
AEAD,,004-0565-00,HIGH PRESSURE CLEANING MACHINE,2,,,,394,0,836
AEAD,,004-0217-01,"TINTING  TANK - WATER  BASED , SS 2000LTR",2,,,,0,0,7843
AEAD,,010-0409-00,"PORTABLE POT,MS,600LTR",2,,,,72,0,72
AEAD,,010-0413-00,"PORTABLE POT,SS,600LTR",2,,,,54,0,54
AEAD,,010-0412-00,"PORTABLE POT,SS,600LTR",2,,,,54,0,54
AEAD,,004-0201-29,"Diaphragm pump 1"", XPS 220",2,,,,44,0,44
AEAD,,004-0217-04,"BALL VALVES 3""DIA  ACTUATOR VALVE AIR OPERATED",2,,,,0,0,
AEAD,,004-0213-03,LEVEL TRANSMITTER LIQUIPHANT M/S,0,,,,0,0,
AEAD,,004-0467-02,BALL VALVE SPRING RETURN,2,,,,0,0,
AEAD,,004-0245-10,"BALL VALVES 3""DIA  ACTIVATOR VALVE AIR OPERATED",2,,,,0,0,
AEAD,,003-OP EQ,OPERATIONAL EQUIPMENTS,3,,,,0,0,
AEAE,MCI,AEAEMC0047,BIN MOHSEN M.E. TRADING CO. L.L.C.,,,,,0,0,
AEAD,,022-0014-00,AIR CONDITION EQUIPMENT HR MANAGER,2,,,,0,0,
AEAD,,034-0313-06,INDUCTION SET - Room 401,2,,,,0,0,
AEAD,,004-0177-06,"DIAPHRAGM  PUMP 1""DIA AIR OPERATED",2,,,,0,0,
AEAD,,025-INV,INVESTMENTS,3,,,,0,0,
AEAD,,008-0112-00,GYRO MIXER [SHAKER],1,,,,0,0,
AEAD,,003-0427-00,Floor Cleaning Machine Karcher FGWH,2,,,,0,0,
AEAD,,008-0109-00,"SHAKER, GYROSCOPIC",1,,,,0,0,
AEAD,,034-0315-07,INDUCTION SET - Room 404,2,,,,0,0,
AEAD,,028-INV,INVESTMENTS,3,,,,0,0,
AEAD,,004-0241-17,"BALL VALVES 3""DIA  MANUAL",2,,,,0,0,
AEAD,,034-0335-06,INDUCTION SET - Room 403,2,,,,0,0,
AEAD,,004-0512-01,MOBILE SHELVING MAINTENANCE STORE-01,2,,,,0,0,
AEAD,,002-0037-00,AIR CONDITION EQUIPMENT CONFERENCE ROOM,2,,,,0,0,
AEAD,,032-0001-00,AIR CONDITION EQUIPMENT DRIVER REST ROOM,2,,,,0,0,
AEAD,,004-0587-00,"DIAPHRAGM PUMP 1"" S no. 0030994136",1,,,,0,0,
AEAD,,004-0554-03,"FLOW METER 004-0554, VOLUMETRIC RM 11205",2,,,,0,0,
AEAD,,022-0003-00,AIR CONDITION EQUIPMENT CREDIT CONTROLLER,2,,,,0,0,
AEAE,MCC,AEAEMC0096,Brightway Trading L.L.C Br,,,,,0,0,
AEAD,,034-0311-02,WASHING MACHINE - Room 601,2,,,,0,0,
AEAD,,004-0461-02,LEVEL SWITCH,0,,,,0,0,
AEAD,,016-BLD,TANK FARM AREA [LOCATION],3,,,,0,0,
AEAD,,025-UTL,UTILITIES,3,,,,0,0,
AEAE,MCD,AEAEMC0084,TOOLS LAND TRADING,,,,,0,0,
AEAD,,014-0102-03,"ACTUATOR VALVE 3"" DIA BALL VALVE AIR OPERATED",2,,,,0,0,
AEAD,,004-0223-02,LEVEL TRANSMITTER LIQUIPHANT M/S,0,,,,0,0,
AEAD,,008-0408-00,"PALLET TROLLEY,HYDRAULIC 2.5 TON",2,,,,0,0,
AEAD,,004-0316-00,OVERHEAD BEAM[NEAR 200-DISSOLVER],2,,,,0,0,
AEAD,,004-0581-00,PALLET TROLLEY MANUAL 2300KG,2,,,,0,0,
AEAD,,009-0411-00,1 TON SS CONTAINER,2,,,,0,0,
AEAD,,004-0215-07,"BALL VALVES 3""DIA  ACTUATOR VALVE AIR OPERATED",2,,,,0,0,
AEAD,,034-0331-06,INDUCTION SET - Room 203,2,,,,0,0,
AEAD,,004-0105-07,"BALL VALVE 2"" DIA MANUAL",2,,,,0,0,
AEAD,,008-0405-00,GYRO MIXER [COLLOMIX SHAKER],2,,,,0,0,
AEAD,,014-BLD SER,BUILDING AND SERVICES,3,,,,0,0,
AEAD,,005-BLD SER,BUILDING AND SERVICES,3,,,,0,0,
AEAD,,002-0033-00,AIR CONDITION EQUIPMENT IN PC TECHNICAL,2,,,,0,0,
AEAD,,014-0103-01,"FLAME ARRESTER, 2'' CONNECTION",1,,,,0,0,
AEAD,,008-0107-00,"SHAKER,NON GYROSCOPIC",1,,,,0,0,
AEAD,,005-0001-00,AIR CONDITION EQUIPMENT FIRE PUMP ROOM,2,,,,0,0,
AEAD,,009-0424-00,1 TON SS CONTAINER,2,,,,0,0,
AEAD,,008-0118-00,MULTI COLOR INDUSTRY MACHINE,2,,,,0,0,
AEAD,,005-PROJ-00,PROJECTS GENERAL SITE,3,,,,0,0,
AEAD,,034-0331-01,Refrigerator - Room 203,2,,,,0,0,
AEAD,,004-0247-01,"TANK , 5000LTR",2,,,,0,0,
AEAD,,004-0293-00,"SCALE,MECHANICAL , 150KG X 50GM",2,,,,0,0,
AEAD,,025-BLD,CHILLER AREA NEAR FIRE DELUGE  SYSTEM [LOCATION],3,,,,0,0,
AEAD,,010-0105-04,LIQIUDPAND LEVEL SWITCH,0,,,,0,0,
AEAD,,009-0419-00,1 TON SS CONTAINER,2,,,,0,0,
AEAD,,026-INV,INVESTMENTS,3,,,,0,0,
AEAD,,024-BLD SER,BUILDING AND SERVICES,3,,,,0,0,
AEAD,,009-HSE,HSE,3,,,,0,0,
AEAD,,004-0211-04,LEVEL TRANSMITTER LIQUIPHANT M/S,0,,,,0,0,
AEAD,,011-BLD SER,BUILDING AND SERVICES,3,,,,0,0,
AEAD,,015-OP EQ,OPERATIONAL EQUIPMENTS,3,,,,0,0,
AEAD,,002-INV,INVESTMENTS,3,,,,0,0,
AEAD,,033-0000-00,FIRST AID ROOM,3,,,,0,0,
AEAD,,004-0246-08,"BALL VALVES 3""DIA  MANUAL",2,,,,0,0,
AEAD,,004-0550-00,TROLLEY SCALE ELECTRONIC 2000KGX0.2GMS,2,,,,0,0,
AEAD,,004-0211-06,"BALL VALVES 3""DIA  MANUAL",2,,,,0,0,
AEAD,,005-0104-00,BUFFER TANK 1000L,0,,,,0,0,
AEAD,,002-0019-00,AIR CONDITION EQUIPMENT RECEPTION,2,,,,0,0,15
AEAD,,004-0400-00,"VACUUM CLEANER,AIR OPERATED",2,,,,287,0,2556
AEAD,,004-0140-00,RUSSEL ECO FILTER UNIT,2,,,,4138,0,9164
AEAD,,004-0213-00,"AGITATOR, CONSTANT SPEED",2,,,,0,0,722
AEAD,,004-0504-00,ROOF FAN,0,,,,598,0,2358
AEAD,,004-0505-00,ROOF FAN,0,,,,446,0,6933
AEAD,,004-0462-00,"REACTOR, AGITATOR",1,,,,724,0,2984
AEAD,,004-0453-00,20LTR PRESSING  UNIT,2,,,,181,0,709
AEAD,,016-0100-00,PUMP[GEAR] 2540,2,,,,520,0,1499
AEAD,,000-0008-00,OFF LOADING RAMP,2,,,,2537,0,7922
AEAD,,019-0000-00,FACTORY ELECTRICAL PANEL ROOM [LOCATION],3,,,,0,0,28484
AEAD,,004-0137-00,PEROXIDE DOSING PUMP,2,,,,29,0,883
AEAD,,004-0125-00,AIR DRYER,1,,,,682,0,15973
AEAD,,000-0011-00,RM AND SEMI FINISHED PIPE LINE,1,,,,116,0,471
AEAD,,004-0142-00,TROLLEY SCALE ELECTRONIC 2000KGX0.2GMS,2,,,,189,0,619
AEAD,,004-0238-06,"BALL VALVES 3""DIA  ACTUATOR VALVE AIR OPERATED",2,,,,87,0,102
AEAD,,017-0000-00,WATER TANK AREA [LOCATION],3,,,,0,0,7793
AEAD,,003-0131-00,FIRE DOOR[SLIDING],0,,,,0,0,30
AEAD,,004-0554-00,WISPERSOR 10 KL,1,,,,32869,0,47118
AEAD,,007-0000-00,FIRE WATER SPRINKLER TANK [LOCATION],3,,,,195,0,6298
AEAD,,004-0236-01,"TINTING  TANK - SOLVENT BASED , SS , 3000LTR",1,,,,0,0,18
AEAD,,004-0021-00,EX EQUIPMENT INSPECTION,1,,,,358,0,1610
AEAD,,004-0467-00,"FLOW METER ELECTROMAGNETIC, WATER FOR HCL TANK",2,,,,0,0,90
AEAD,,010-0404-00,"PORTABLE POT,SS,400LTR",2,,,,0,0,2360
AEAD,,004-PROJ-00,PROJECTS GENERAL SITE,3,,,,0,0,6251
AEAD,,004-0022-00,PORTABLE APPLIANCE TEST,1,,,,3302,0,7635
AEAD,,005-0105-00,DOMESTIC  PUMP PANEL,2,,,,233,0,1115
AEAD,,016-0104-00,"DIAPHRAGM PUMP 5305,3''",1,,,,0,0,886
AEAD,,016-0107-00,"DIAPHRAGM PUMP SOLVENT OFF LOADING,2''",1,,,,0,0,769
AEAD,,016-PROJ-00,PROJECTS GENERAL SITE,3,,,,0,0,637
AEAD,,004-0575-00,BATTERY OPERATED PALLET TROLLEY (EX) - FIlling area,2,,,,149,0,345
AEAD,,008-PROJ-00,PROJECTS GENERAL SITE,3,,,,0,0,0
AEAD,,009-0164-00,EMERGENCY SHOWER WITH EYE WASH RMWH-02,0,,,,4000,0,4000
AEAD,,028-0104-00,AIR CONDITION EQUIPMENT FINISHED GOODS A/C  STORE,2,,,,29,0,29
AEAD,,003-0009-00,AIR CONDITION EQUIPMENT IN FINANCE FILE ROOM,2,,,,0,0,0
AEAD,,002-0016-00,AIR CONDITION EQUIPMENT IN PC TECHNICAL,2,,,,0,0,0
AEAD,,001-0002-00,GENERATOR FOR CMP ROOM,2,,,,101,0,101
AEAD,,004-0200-25,"Diaphragm pump 1"", XPS 220",2,,,,0,0,0
AEAD,,011-0010-00,"AIR CONDITION 2 TON , CHANGING ROOM",2,,,,0,0,
AEAE,MCD,AEAEMC0103,ART COLORS PAINTING & DECORATION MATERIALS,,,,,0,0,
AEAD,,004-0200-20,"BALL VALVES 3""DIA  ACTUVATOR VALVE AIR OPERATED",2,,,,0,0,
AEAD,,015-0101-02,"BALL  VALVE[SPRING RETURN] NEAR EPOXY TANK,4''",2,,,,0,0,
AEAE,MCD,AEAEMC0077,AL NADOUD BUILDING MATERIALS,,,,,0,0,
AEAD,,004-0248-09,"BALL VALVES 3""DIA  ACTUATOR VALVE AIR OPERATED",2,,,,0,0,
AEAD,,034-0330-01,Refrigerator - Room 603,2,,,,0,0,
AEAD,,034-0335-03,GRINDING MACHINE - Room 403,2,,,,0,0,
AEAD,,004-0585-00,"DIAPHRAGM PUMP 3"" S no. 31044765",1,,,,0,0,
AEAE,MCJ,AEAEMC0001,JOTUN ABU DHABI FACTORY,,,,,0,0,
AEAD,,032-BLD,DRIVER WAITING AREA,3,,,,0,0,
AEAD,,004-0467-03,LEVEL SWITCH,0,,,,0,0,
AEAD,,034-0337-06,INDUCTION SET - Room 402,2,,,,0,0,
AEAD,,004-0462-08,"1 "" TRANSFER PUMP TYPE 801IP56",2,,,,0,0,
AEAD,,004-0029-00,FACTORY LIGHTING (FIRST FLOOR +GROUND FLOOR),2,,,,0,0,
AEAD,,011-0013-00,DISHWASHER UNDER COUNTER,2,,,,0,0,
AEAD,,004-0031-00,AIR CONDITION EQUIPMENT GROUND FLOOR BATHROOM,2,,,,0,0,
AEAD,,004-0169-00,"FLOW METER  PRODUCTION ROOM , VOLUMETRIC RM01990",2,,,,0,0,
AEAD,,004-0218-06,"BALL VALVES 3""DIA  MANUAL",2,,,,0,0,
AEAD,,004-0201-12,"BALL VALVES 3""DIA  ACTUATOR VALVE AIR OPERATED",2,,,,0,0,
AEAD,,004-INV,INVESTMENTS,3,,,,0,0,
AEAD,,004-0302-00,EMERGENCY SHOWER WITH EYE WASH TINTING,0,,,,0,0,
AEAE,MCC,AEAEMC0015,AL MOAZAM INSP CENTRE,,,,,0,0,
AEAD,,005-INV,INVETSMENTS,3,,,,0,0,
AEAD,,008-BLD,PRODUCTION OFFICE AREA [LOCATION ],3,,,,0,0,
AEAD,,014-INV,INVESTMENTS,3,,,,0,0,
AEAD,,034-0309-01,Refrigerator - Room 504,2,,,,0,0,
AEAD,,034-0309-03,GRINDING MACHINE - Room 504,2,,,,0,0,
AEAD,,004-0205-07,"BALL VALVES 3""DIA  MANUAL",2,,,,0,0,
AEAD,,004-0247-07,"BALL VALVES 3""DIA  ACTUATOR VALVE AIR OPERATED",2,,,,0,0,
AEAD,,034-0330-08,MICRO OVEN - Room 603,2,,,,0,0,
AEAD,,004-0200-23,RAW MATERIALS CHARGING CHUTE MOVEABLE,2,,,,0,0,
AEAD,,006-0102-02,ACB Breaker for MDB 02,1,,,,0,0,
AEAD,,004-0220-01,"TINTING  TANK - SOLVENT BASED , SS 2000LTR",2,,,,0,0,
AEAE,MCD,AEAEMC0061,AL KABRAT BUILDING MATERIALS TRADING L.L.C,,,,,0,0,
AEAD,,004-0200-09,"BALL VALVES 3""DIA  ACTUATOR VALVE AIR OPERATED",2,,,,0,0,
AEAD,,009-0004-00,AIR CONDITION EQUIPMENT MULTICOLOR,2,,,,0,0,
AEAD,,004-0222-01,"TINTING  TANK - SOLVENT BASED , SS 2000 LTR",2,,,,0,0,
AEAD,,015-BLD SER,BUILDING AND SERVICES,3,,,,0,0,
AEAD,,031-BLD SER,BUILDING AND SERVICES,3,,,,0,0,
AEAD,,004-0167-00,"FLOW METER  PRODUCTION ROOM , VOLUMETRIC WATER",2,,,,0,0,
AEAD,,004-0554-05,"FLOW METER 004-0554, VOLUMETRIC WATER",2,,,,0,0,
AEAE,MCD,AEAEMC0101,AL MOAZAM Meyzad,,,,,0,0,
AEAD,,000-BLD,SITE AREA EXTERNAL [LOCATION],3,,,,0,0,
AEAD,,022-0006-00,AIR CONDITION EQUIPMENT SPLIT TRESURY ACCOUNTANT,2,,,,0,0,
AEAD,,008-0021-00,VRF ODU - AIR CONDITION EQUIPMENT MEZZANINE FLOOR,2,,,,0,0,
AEAD,,018-INV,INVESTMENTS,3,,,,0,0,
AEAD,,004-0446-00,"DALMEC  MANIPULATOR, 160 KG VACCUUM PLATE",2,,,,2132,0,6267
AEAD,,004-0226-00,STATIONARY MIXER,2,,,,2108,0,5336
AEAD,,010-0105-00,S.S AMMONIA STORAGE TANK 1500 KGS CAPACITY,2,,,,0,0,5389
AEAD,,004-0461-00,ZINC SILICATE DISSOLVER (160KW),1,,,,4049,0,49748
AEAD,,004-0413-00,"PALLET TROLLEY,HYDRAULIC 2.5 TON",2,,,,1037,0,3172
AEAD,,004-0423-00,CHILLER FILLING,2,,,,20511,0,21395
AEAD,,008-0113-00,DALMEC MANIPULATOR,2,,,,156,0,4156
AEAD,,003-0004-00,AIR CONDITION EQUIPMENT IN CSD,2,,,,0,0,18
AEAD,,004-0244-00,WISPERSOR,1,,,,8962,0,111992
AEAD,,004-0203-00,DISSOLVER[FLOOR MOUNTED],2,,,,910,0,14234
AEAD,,004-0105-00,RUSSELL FILTER,2,,,,146,0,720
AEAD,,008-0018-00,AIR CONDITION EQUIPMENT QC SAMPLE ROOM,2,,,,0,0,1301
AEAD,,003-0413-00,DIESEL FORKLIFT 45680,2,,,,10974,0,48664
AEAD,,004-0431-00,20LTR PRESSING UNIT,2,,,,1025,0,4899
AEAD,,019-0105-00,SMDB-05,1,,,,73,0,670
AEAD,,004-0441-00,AIR HOIST 2TON near Dissolver 245,2,,,,523,0,1439
AEAD,,004-0229-00,PORTABLE MIXER,2,,,,1645,0,2764
AEAD,,004-0023-00,Cable Tray Earthing Inspection,0,,,,162,0,905
AEAD,,003-0411-00,BATTERY OPERATED PALLET TROLLEY (LINDE) 2TON,2,,,,29,0,10639
AEAD,,025-0100-00,"CHILLER, PROCESS",1,,,,40702,0,54246
AEAD,,010-0416-00,"PORTABLE POT,SS,600LTR",2,,,,0,0,72
AEAD,,004-0552-00,Duct Cleaning,2,,,,7608,0,14075
AEAD,,004-0422-01,"TANK , 2000LTR",1,,,,2722,0,27056
AEAD,,004-0204-01,"BASE  TANK , SS,10K LTR",2,,,,0,0,716
AEAD,,003-0412-00,Floor Cleaning Machine,2,,,,0,0,174
AEAD,,004-0175-00,BATTERY OPERATED PALLET TROLLEY (EX) - Production area,2,,,,18757,0,56588
AEAD,,004-0549-00,Weighing Scale Yearly Calibration,2,,,,323,0,468
AEAD,,004-0027-01,FACTORY TINTING FAHU -1,2,,,,80,0,285
AEAD,,004-0244-01,"WISPERSOR TANK , SS , 3000 LTR",1,,,,888,0,3090
AEAD,,004-0406-00,"PALLET TROLLEY,HYDRAULIC 2.5TON",2,,,,58,0,87
AEAD,,004-0467-01,"HCL TANK, 300LTR",2,,,,0,0,125
AEAD,,008-0117-00,MULTI COLOR DECOR MACHINE,2,,,,0,0,1245
AEAD,,023-0000-00,FACTORY WASTE STORAGE AREA [LOCATION],3,,,,0,0,9319
AEAD,,011-0006-00,AIR CONDITION EQUIPMENT VEGETABLE CUTTING AREA,2,,,,0,0,780
AEAD,,025-0000-00,CHILLER AREA NEAR FIRE DELUGE  SYSTEM [LOCATION],3,,,,0,0,29
AEAD,,008-0111-00,GYRO MIXER [SHAKER],1,,,,29,0,29
AEAD,,009-0433-00,DIESEL FORKLIFT AC 86648 3 Ton capacity,2,,,,8356,0,8356
AEAD,,003-0417-01,Battery 24X6PZS750 & Battey charger 48V/140A (spare),2,,,,72,0,72
AEAD,,004-0244-05,"BALL VALVES 3""DIA  ACTIVATOR VALVE AIR OPERATED",2,,,,0,0,
AEAE,,MCI,MC IND CUSTOMERS - ABUDHABI,,,,,0,0,
AEAD,,004-0562-00,WATER BOTTLE RACK,2,,,,0,0,
AEAD,,010-0105-05,"ACTIVATOR BALL VALVE 2"" DIA AIR OPERATED",2,,,,0,0,
AEAD,,004-0209-02,"BALL VALVES 3""DIA  ACTUATOR VALVE AIR OPERATED",2,,,,0,0,
AEAD,,034-0330-07,INDUCTION SET - Room 603,2,,,,0,0,
AEAD,,004-0236-04,"BALL VALVES 3""DIA  ACTUATOR VALVE AIR OPERATED",2,,,,0,0,
AEAD,,034-0330-02,WASHING MACHINE - Room 603,2,,,,0,0,
AEAD,,028-PROJ-00,PROJECTS GENERAL SITE,3,,,,0,0,
AEAD,,004-0220-05,"BALL VALVES 3""DIA  MANUAL",2,,,,0,0,
AEAD,,004-0018-00,MANUAL FIRE DOOR(CHEMFLAKE GROUND FLOOR),0,,,,0,0,
AEAD,,004-0212-05,"BALL VALVES 3""DIA  MANUAL",2,,,,0,0,
AEAD,,004-0208-03,LEVEL TRANSMITTER LIQUIPHANT M/S,0,,,,0,0,
AEAD,,034-0335-07,INDUCTION SET - Room 403,2,,,,0,0,
AEAD,,004-0214-05,"BALL VALVES 3""DIA  MANUAL",2,,,,0,0,
AEAD,,034-0337-02,WASHING MACHINE - Room 504,2,,,,0,0,
AEAD,,004-0247-11,"BALL VALVES 3""DIA  MANUAL",2,,,,0,0,
AEAD,,034-0311-01,Refrigerator - Room 601,2,,,,0,0,
AEAD,,019-UTL,UTILITIES,3,,,,0,0,
AEAD,,011-0017-00,150KG SCALE FOR Compost weigh purpose canteen,2,,,,0,0,
AEAD,,004-0464-00,"DIAPHRAGM PUMP, OXALIC PUMP",1,,,,0,0,
AEAD,,004-0239-06,"BALL VALVES 3""DIA  ACTUATOR VALVE AIR OPERATED",2,,,,0,0,
AEAD,,014-0104-00,"SOLVESSO TANK,C.S.40K LTR",2,,,,0,0,
AEAD,,004-0574-00,HIGH PRESSURE CLEANING MACHINE - Factory Cleaning HD6/15 M,3,,,,0,0,
AEAD,,004-0462-07,"LOAD CELL UNIT 4000KGS, REACTOR",1,,,,0,0,
AEAD,,011-PROJ-00,PROJECTS GENERAL SITE,3,,,,0,0,
AEAD,,004-0212-03,LEVEL TRANSMITTER LIQUIPHANT M/S,0,,,,0,0,
AEAD,,004-0248-11,"BALL VALVES 3""DIA  MANUAL",2,,,,0,0,
AEAD,,004-0204-07,"BALL VALVES 3""DIA  ACTUATOR VALVE AIR OPERATED",2,,,,0,0,
AEAD,,034-0002-04,Grinder Mixer,2,,,,0,0,
AEAD,,004-0570-00,"DIAPHRAGM PUMP 2"" XPS 820",2,,,,0,0,
AEAD,,004-0117-00,PUMP[GEAR],2,,,,0,0,
AEAD,,015-0103-04,BREATHER VALVE FOR 11205 TANK,2,,,,0,0,
AEAD,,004-0239-02,LEVEL TRANSMITTER LIQUIPHANT M/S,0,,,,0,0,
AEAD,,004-0235-05,"BALL VALVES 3""DIA  ACTUATOR VALVE AIR OPERATED",2,,,,0,0,
AEAD,,004-0214-06,"BALL VALVES 3""DIA  ACTUATOR VALVE AIR OPERATED",2,,,,0,0,
AEAD,,022-0007-00,AIR CONDITION EQUIPMENTIN ASSISTANT FINANCE MANAGER CABIN,2,,,,0,0,
AEAD,,010-INV,INVESTMENTS,3,,,,0,0,
AEAD,,015-0102-03,LEVEL TRANSMITTER [LIQUIPHANT]-5318  TANK,0,,,,0,0,
AEAD,,004-0206-07,"BALL VALVES 3""DIA  MANUAL",2,,,,0,0,
AEAD,,010-0434-00,"PORTABLE POT,SS,800LTR",2,,,,0,0,
AEAD,,027-BLD,PEROXIDE ROOM AREA [LOCATION],3,,,,0,0,
AEAD,,003-HSE,HSE,3,,,,0,0,
AEAD,,019-INV,INVESTMENTS,3,,,,0,0,
AEAD,,004-0213-05,"BALL VALVES 3""DIA  MANUAL",2,,,,0,0,
AEAD,,014-0104-03,"ACTUATOR VALVE 3"" DIA BALL VALVE AIR OPERATED",2,,,,0,0,
AEAD,,012-0002-00,GI BOX FOR PREWEIGHING BOOTH,2,01-01-22 00:00,1240,,0,0,
AEAD,,001-BLD SER,BUILDING AND SERVICES,3,,,,0,0,
AEAD,,004-0221-02,LEVEL TRANSMITTER LIQUIPHANT M/S,0,,,,0,0,
AEAD,,011-0016-00,AIR CONDITION EQUIPMENT DRY STORAGE ROOM,2,,,,0,0,
